S.No,Entry Signal,Exit Signal,Section Type,Line,TSRMS Route Id,Signal Type,Aspects of Entry Signal (Derived for Auto Signal),Requires Aspect of Exit Signal,Requires Points in Route,-,"Requires Track Circuit ""UP"" in Route",TIN's(TrackIdentificationNumber)RequiresFree,TIN'sRequiresFreeInOverlap,CheckRFIDSequence,-,DistanceBetweenEntry&ExitSignal(Meter),MovementAuthorityFromFootofEntrySignal(inSections),Authorized Speed (kmph) In OS,Track Profile Id,TLI Profile ID,EntrySignal,ExitSignal,Profile Id,Line,Turnout Speed,-,-,Permanent Speed Restriction,-,-,-,-,-,-,-,Gradient,-,-,LC Gate,-,-,-,-,-,-,Track Condition,-,-
-,-,-,-,-,-,-,-,-,-,Normal,Reverse,-,-,-,EntrySignalFootTag,(LinkingDistance#En-RouteTag),-,-,-,-,-,-,-,-.1,Speed Value (kmph),Start Distance (m),Length (m),U Speed,A Speed,B Speed,C Speed,Start Distance (m).1,Speed Length (m),Ref Tag ID,Span,Gradient Type (Downhill/ Uphill),Gradient Value,Length (m).1,LC ID Numeric/LC ID Alpha suffix,LC Alpha ID,LC Manning Type,"LC Class (Special, A, B, B1, C etc)",LC Distance (m),LC Auto Whistling Enabled,LC Auto Whistling Type,Track Condition Type(Radio Hole/ Non stopping/Neutral section/Reversing area/Fouling Mark),Start Distance (m).2,Length (m).2
1.0,S1,S5,Station,MMTS Down Main,-,Main Home,Green,Green,37,-,MMTS_DMAT#MMTS_DMBT,N-157#N-158,-,R-137,(0#R-137)#(180#R-139)#(314#R-141)#(200#R-143)#(568#R-145)#(200#R-147),1462,4,MPS,1,1,S1,S5,1,MMTS Down Main,-,-,-,120,-,-,-,0,1282,137,1462,Fall,1 in 285,1462,,,,,,,,Fouling Mark,287,0
,-,-,-,-,-,-,Green,Double Yellow,-,-,-,-,-,-,-,-,3,-,,,-,-,-,-,-,-,-,-,-,-,-,-,-,-,-,-,-,-,-,-,-,-,-,-,-,-,-,-
,-,-,-,-,-,-,Green,Yellow,-,-,-,-,-,-,-,-,2,-,,,-,-,-,-,-,-,-,-,-,-,-,-,-,-,-,-,-,-,-,-,-,-,-,-,-,-,-,-
,-,-,-,-,-,-,Double Yellow,Green,-,-,-,-,-,-,-,-,4,-,,,-,-,-,-,-,-,-,-,-,-,-,-,-,-,-,-,-,-,-,-,-,-,-,-,-,-,-,-
,-,-,-,-,-,-,Double Yellow,Double Yellow,-,-,-,-,-,-,-,-,3,-,,,-,-,-,-,-,-,-,-,-,-,-,-,-,-,-,-,-,-,-,-,-,-,-,-,-,-,-,-
,-,-,-,-,-,-,Double Yellow,Yellow,-,-,-,-,-,-,-,-,2,-,,,-,-,-,-,-,-,-,-,-,-,-,-,-,-,-,-,-,-,-,-,-,-,-,-,-,-,-,-
,-,-,-,-,-,-,Yellow,Green,-,-,-,-,-,-,-,-,4,-,,,-,-,-,-,-,-,-,-,-,-,-,-,-,-,-,-,-,-,-,-,-,-,-,-,-,-,-,-
,-,-,-,-,-,-,Yellow,Double Yellow,-,-,-,-,-,-,-,-,3,-,,,-,-,-,-,-,-,-,-,-,-,-,-,-,-,-,-,-,-,-,-,-,-,-,-,-,-,-,-
,-,-,-,-,-,-,Yellow,Yellow,-,-,-,-,-,-,-,-,2,-,,,-,-,-,-,-,-,-,-,-,-,-,-,-,-,-,-,-,-,-,-,-,-,-,-,-,-,-,-
,-,-,-,-,-,-,Yellow,Red,-,-,-,-,-,-,-,-,1,-,,,-,-,-,-,-,-,-,-,-,-,-,-,-,-,-,-,-,-,-,-,-,-,-,-,-,-,-,-
2.0,S1,S6,Station,Down Loop,-,Main Home with Junction Route Indicator,Yellow with Pos 4,Yellow,42,37#39,DLT,N-157#N-161#N-163#N-164,N-165#N-169(W57R),R-137,(0#R-137)#(180#R-139)#(55#R-241)#(89#R-142)#(90#R-242)#(137#R-169)#(200#R-171)#(320#R-173)#(200#R-174),1271,2,15,2,2,S1,S6,2,Down Loop,30,182,175,120,-,-,-,0,182,137,1271,Fall,1 in 261,1271,,,,,,,,Fouling Mark,539,0
,-,-,-,-,-,-,Yellow with Pos 4,Red,-,-,-,-,-,-,-,-,1,-,,,-,-,-,-,-,-,-,-,-,-,-,-,-,-,-,-,-,-,-,-,-,-,-,-,-,-,-,-
3.0,S1,-,Station,-,-,Main Home,Red/Blank,-,-,-,-,-,-,R-137,-,1271,1,15,3,3,-,-,-,-,-,-,-,-,-,-,-,-,-,-,-,-,-,-,-,-,-,-,-,-,-,-,-,-
4.0,S1A,S5,Station,MMTS Down Main,-,Calling-on Signal,Miniature(Red/Blank),Red/Blank,37,-,1AT Occupied,-,-,R-137,(0#R-137)#(180#R-139)#(314#R-141)#(200#R-143)#(568#R-145)#(200#R-147),1462,1,15,4,4,S1A,S5,4,MMTS Down Main,-,-,-,120,-,-,-,0,1282,137,1462,Fall,1 in 285,1462,,,,,,,,Fouling Mark,287,0
5.0,S1A,S6,Station,Down Loop,-,Calling-on Signal,Miniature(Red/Blank),Red/Blank,42,37#39,1AT Occupied,-,-,R-137,(0#R-137)#(180#R-139)#(55#R-241)#(89#R-142)#(90#R-242)#(137#R-169)#(200#R-171)#(320#R-173)#(200#R-174),1271,1,15,5,5,S1A,S6,5,Down Loop,30,182,175,120,-,-,-,0,182,137,1271,Fall,1 in 261,1271,,,,,,,,Fouling Mark,539,0
6.0,S2,S12,Station,Down Main,-,Main Home,Green,Green,38#42,-,DMT,N-166#N-167#N-168,N-169,R-149,(0#R-149)#(180#R-151)#(111#R-153)#(176#R-155)#(200#R-157)#(324#R-159)#(200#R-161),1191,4,MPS,6,6,S2,S12,6,Down Main,-,-,-,120,-,-,-,0,1191,149,1191,Fall,1 in 292,1191,,,,,,,,Fouling Mark,459,0
,-,-,-,-,-,-,Green,Double Yellow,-,-,-,-,-,-,-,-,3,-,,,-,-,-,-,-,-,-,-,-,-,-,-,-,-,-,-,-,-,-,-,-,-,-,-,-,-,-,-
,-,-,-,-,-,-,Green,Yellow,-,-,-,-,-,-,-,-,2,-,,,-,-,-,-,-,-,-,-,-,-,-,-,-,-,-,-,-,-,-,-,-,-,-,-,-,-,-,-
,-,-,-,-,-,-,Double Yellow,Green,-,-,-,-,-,-,-,-,4,-,,,-,-,-,-,-,-,-,-,-,-,-,-,-,-,-,-,-,-,-,-,-,-,-,-,-,-,-,-
,-,-,-,-,-,-,Double Yellow,Double Yellow,-,-,-,-,-,-,-,-,3,-,,,-,-,-,-,-,-,-,-,-,-,-,-,-,-,-,-,-,-,-,-,-,-,-,-,-,-,-,-
,-,-,-,-,-,-,Double Yellow,Yellow,-,-,-,-,-,-,-,-,2,-,,,-,-,-,-,-,-,-,-,-,-,-,-,-,-,-,-,-,-,-,-,-,-,-,-,-,-,-,-
,-,-,-,-,-,-,Yellow,Green,-,-,-,-,-,-,-,-,4,-,,,-,-,-,-,-,-,-,-,-,-,-,-,-,-,-,-,-,-,-,-,-,-,-,-,-,-,-,-
,-,-,-,-,-,-,Yellow,Double Yellow,-,-,-,-,-,-,-,-,3,-,,,-,-,-,-,-,-,-,-,-,-,-,-,-,-,-,-,-,-,-,-,-,-,-,-,-,-,-,-
,-,-,-,-,-,-,Yellow,Yellow,-,-,-,-,-,-,-,-,2,-,,,-,-,-,-,-,-,-,-,-,-,-,-,-,-,-,-,-,-,-,-,-,-,-,-,-,-,-,-
,-,-,-,-,-,-,Yellow,Red,-,-,-,-,-,-,-,-,1,-,,,-,-,-,-,-,-,-,-,-,-,-,-,-,-,-,-,-,-,-,-,-,-,-,-,-,-,-,-
7.0,S2,S6,Station,Down Loop,-,Main Home with Junction Route Indicator,Yellow with Pos 1,Yellow,38#39,42,DLT,N-166#N-167#N-163#N-164,N-165#N-169(W57R),R-149,(0#R-149)#(180#R-151)#(111#R-153)#(124#R-243)#(56#R-169)#(200#R-171)#(320#R-173)#(200#R-174),1191,2,30,7,7,S2,S6,7,Down Loop,30,370,821,120,-,-,-,0,370,149,1191,Fall,1 in 292,1191,,,,,,,,Fouling Mark,459,0
,-,-,-,-,-,-,Yellow with Pos 1,Red,-,-,-,-,-,-,-,-,1,-,,,-,-,-,-,-,-,-,-,-,-,-,-,-,-,-,-,-,-,-,-,-,-,-,-,-,-,-,-
8.0,S2,S7,Station,Common Loop 1,-,Main Home with Junction Route Indicator,Yellow with Pos 4,Yellow,41#42#43#44,38#40,CL1T,N-166#N-173#N-177#N-178,N-179,R-149,(0#R-149)#(180#R-151)#(77#R-244)#(61#R-160)#(59#R-245)#(199#R-185)#(200#R-186)#(286#R-187)#(200#R-188),1262,2,15,8,8,S2,S7,8,Common Loop 1,30,211,120,120,-,-,-,0,211,149,1262,Fall,1 in 303,1262,,,,,,,,Fouling Mark,566,0
,-,-,-,-,-,-,Yellow with Pos 4,Red,-,-,-,-,-,-,-,-,1,-,,,-,-,-,-,-,-,-,-,-,-,-,-,-,-,-,-,-,-,-,-,-,-,-,-,-,-,-,-
9.0,S2,S8,Station,Common Loop 2,-,Main Home with Junction Route Indicator,Yellow with Pos 5,Yellow,41#42#43,38#40#44,CL2T,N-166#N-173#N-177#N-180,N-179,R-149,(0#R-149)#(180#R-151)#(77#R-244)#(61#R-160)#(59#R-245)#(136#R-246)#(63#R-193)#(200#R-194)(286#R-195)#(200#R-196),1262,2,15,9,9,S2,S8,9,Common Loop 2,30,211,120,120,-,-,-,0,211,149,1262,Fall,1 in 303,1262,,,,,,,,Fouling Mark,566,0
,-,-,-,-,-,-,Yellow with Pos 5,Red,-,-,-,-,-,-,-,-,1,-,,,-,-,-,-,-,-,-,-,-,-,-,-,-,-,-,-,-,-,-,-,-,-,-,-,-,-,-,-
10.0,S2,S9,Station,R&D Line,-,Main Home with Junction Route Indicator,Yellow with Pos 6,Yellow,41#42#45#49,38#40#43,R&DT,N-166#N-173#N-177#N-181#N-182,N-183#N-179(W56R),R-149,(0#R-149)#(180#R-151)#(77#R-244)#(61#R-160)#(59#R-245)#(114#R-247)#(85#R-201)#(200#R-202)#(237#R-203)#(200#R-204),1213,1,15,10,10,S2,S9,10,R and D Line,30,211,120,120,-,-,-,0,211,149,1213,Fall,1 in 296,1213,,,,,,,,Fouling Mark,552,0
,-,-,-,-,-,-,Yellow with Pos 6,Red,-,-,-,-,-,-,-,-,1,-,,,-,-,-,-,-,-,-,-,-,-,-,-,-,-,-,-,-,-,-,-,-,-,-,-,-,-,-,-
11.0,S2,-,Station,-,-,Main Home,Red/Blank,-,-,-,-,-,-,R-149,-,1191,1,15,11,11,-,-,-,-,-,-,-,-,-,-,-,-,-,-,-,-,-,-,-,-,-,-,-,-,-,-,-,-
12.0,S2A,S6,Station,Down Loop,-,Calling-on Signal,Miniature(Red/Blank),Red/Blank,38#39,42,2AT Occupied,-,-,R-149,(0#R-149)#(180#R-151)#(111#R-153)#(124#R-243)#(56#R-169)#(200#R-171)#(320#R-173)#(200#R-174),1191,1,15,12,12,S2A,S6,12,Down Loop,30,370,821,120,-,-,-,0,370,149,1191,Fall,1 in 292,1191,,,,,,,,Fouling Mark,459,0
13.0,S2A,S12,Station,Down Main,-,Calling-on Signal,Miniature(Red/Blank),Red/Blank,38#42,-,2AT Occupied,-,-,R-149,(0#R-149)#(180#R-151)#(111#R-153)#(176#R-155)#(200#R-157)#(324#R-159)#(200#R-161),1191,1,15,13,13,S2A,S12,13,Down Main,-,-,-,120,-,-,-,0,1191,149,1191,Fall,1 in 292,1191,,,,,,,,Fouling Mark,459,0
14.0,S2A,S7,Station,Common Loop 1,-,Calling-on Signal,Miniature(Red/Blank),Red/Blank,41#42#43#44,38#40,2AT Occupied,-,-,R-149,(0#R-149)#(180#R-151)#(77#R-244)#(61#R-160)#(59#R-245)#(199#R-185)#(200#R-186)#(286#R-187)#(200#R-188),1262,1,15,14,14,S2A,S7,14,Common Loop 1,30,211,120,120,-,-,-,0,211,149,1262,Fall,1 in 303,1262,,,,,,,,Fouling Mark,566,0
15.0,S2A,S8,Station,Common Loop 2,-,Calling-on Signal,Miniature(Red/Blank),Red/Blank,41#42#43,38#40#44,2AT Occupied,-,-,R-149,(0#R-149)#(180#R-151)#(77#R-244)#(61#R-160)#(59#R-245)#(136#R-246)#(63#R-193)#(200#R-194)(286#R-195)#(200#R-196),1262,1,15,15,15,S2A,S8,15,Common Loop 2,30,211,120,120,-,-,-,0,211,149,1262,Fall,1 in 303,1262,,,,,,,,Fouling Mark,566,0
16.0,S2A,S9,Station,R and D Line,-,Calling-on Signal,Miniature(Red/Blank),Red/Blank,41#42#45#49,38#40#43,2AT Occupied,-,-,R-149,(0#R-149)#(180#R-151)#(77#R-244)#(61#R-160)#(59#R-245)#(114#R-247)#(85#R-201)#(200#R-202)#(237#R-203)#(200#R-204),1213,1,15,16,16,S2A,S9,16,R and D Line,30,211,120,120,-,-,-,0,211,149,1213,Fall,1 in 296,1213,,,,,,,,Fouling Mark,552,0
17.0,S5,S2075,Auto,MMTS Down Main,-,Advance Starter,Green,Green,-,-,-,-,-,R-147,(0#R-147)#(100#R-821)#(811#R-823)#(200#R-825),1111,4,MPS,17,17,S5,S2075,17,MMTS Down Main,-,-,-,75,-,-,-,0,656,147,1111,Fall,1 in 153,1111,,,,,,,,,,
,-,-,-,-,-,-,Green,Double Yellow,-,-,-,-,-,-,-,-,3,-,,,-,-,-,-,-,-,-,-,-,-,-,-,-,-,-,-,-,-,-,-,-,-,-,-,-,-,-,-
,-,-,-,-,-,-,Green,Yellow,-,-,-,-,-,-,-,-,2,-,,,-,-,-,-,-,-,-,-,-,-,-,-,-,-,-,-,-,-,-,-,-,-,-,-,-,-,-,-
,-,-,-,-,-,-,Double Yellow,Green,-,-,-,-,-,-,-,-,4,-,,,-,-,-,-,-,-,-,-,-,-,-,-,-,-,-,-,-,-,-,-,-,-,-,-,-,-,-,-
,-,-,-,-,-,-,Double Yellow,Double Yellow,-,-,-,-,-,-,-,-,3,-,,,-,-,-,-,-,-,-,-,-,-,-,-,-,-,-,-,-,-,-,-,-,-,-,-,-,-,-,-
,-,-,-,-,-,-,Double Yellow,Yellow,-,-,-,-,-,-,-,-,2,-,,,-,-,-,-,-,-,-,-,-,-,-,-,-,-,-,-,-,-,-,-,-,-,-,-,-,-,-,-
,-,-,-,-,-,-,Yellow,Green,-,-,-,-,-,-,-,-,4,-,,,-,-,-,-,-,-,-,-,-,-,-,-,-,-,-,-,-,-,-,-,-,-,-,-,-,-,-,-
,-,-,-,-,-,-,Yellow,Double Yellow,-,-,-,-,-,-,-,-,3,-,,,-,-,-,-,-,-,-,-,-,-,-,-,-,-,-,-,-,-,-,-,-,-,-,-,-,-,-,-
,-,-,-,-,-,-,Yellow,Yellow,-,-,-,-,-,-,-,-,2,-,,,-,-,-,-,-,-,-,-,-,-,-,-,-,-,-,-,-,-,-,-,-,-,-,-,-,-,-,-
,-,-,-,-,-,-,Yellow,Red,-,-,-,-,-,-,-,-,1,-,,,-,-,-,-,-,-,-,-,-,-,-,-,-,-,-,-,-,-,-,-,-,-,-,-,-,-,-,-
,-,-,-,-,-,-,Red/Blank,-,-,-,-,-,-,-,-,-,1,-,,,-,-,-,-,-,-,-,-,-,-,-,-,-,-,-,-,-,-,-,-,-,-,-,-,-,-,-,-
18.0,S6,S13,Station,Down Main,-,LoopLine Starter,Yellow,Green,62,57,-,N-165#N-169#N-170,-,R-174,(0#R-174)#(64#R-262)#(151#R-163)#(294#R-165)#(120#R-167),629,4,30,18,18,S6,S13,18,Down Loop,30,0,112,30,-,-,-,0,112,174,629,Fall,1 in 486,629,,,,,,,,,,
,-,-,-,-,-,-,Yellow,Double Yellow,-,-,-,-,-,-,-,-,3,-,,,-,-,-,-,-,-,-,-,-,-,-,-,-,-,-,-,-,-,-,-,-,-,-,-,-,-,-,-
,-,-,-,-,-,-,Yellow,Yellow,-,-,-,-,-,-,-,-,2,-,,,-,-,-,-,-,-,-,-,-,-,-,-,-,-,-,-,-,-,-,-,-,-,-,-,-,-,-,-
,-,-,-,-,-,-,Yellow,Red,-,-,-,-,-,-,-,-,1,-,,,-,-,-,-,-,-,-,-,-,-,-,-,-,-,-,-,-,-,-,-,-,-,-,-,-,-,-,-
,-,-,-,-,-,-,Red/Blank,-,-,-,-,-,-,-,-,-,1,15,,,-,-,-,-,-,-,-,-,-,-,-,-,-,-,-,-,-,-,-,-,-,-,-,-,-,-,-,-
19.0,S6A,S13,Station,Down Main,-,Calling-on Signal,Miniature(Red/Blank),Red/Blank,62,57,DLT(Occupied),-,-,R-174,(0#R-174)#(64#R-262)#(151#R-163)#(294#R-165)#(120#R-167),629,1,15,19,19,S6A,S13,19,Down Loop,30,0,112,30,-,-,-,0,112,174,629,Fall,1 in 486,629,,,,,,,,,,
20.0,S7,S13,Station,Down Main,-,LoopLine Starter,Yellow,Green,56#57#58(63W 61N),59#62,-,N-179#N-175#N-170,-,R-188,(0#R-188)#(125#R-189)#(81#R-260)#(167#R-261)#(65#R-165)#(120#R-167),558,4,15,20,20,S7,S13,20,Common Loop 1,15,0,425,15,-,-,-,0,425,188,558,Fall,1 in 465,558,,,,,,,,,,
,-,-,-,-,-,-,Yellow,Double Yellow,-,-,-,-,-,-,-,-,3,-,,,-,-,-,-,-,-,-,-,-,-,-,-,-,-,-,-,-,-,-,-,-,-,-,-,-,-,-,-
,-,-,-,-,-,-,Yellow,Yellow,-,-,-,-,-,-,-,-,2,-,,,-,-,-,-,-,-,-,-,-,-,-,-,-,-,-,-,-,-,-,-,-,-,-,-,-,-,-,-
,-,-,-,-,-,-,Yellow,Red,-,-,-,-,-,-,-,-,1,-,,,-,-,-,-,-,-,-,-,-,-,-,-,-,-,-,-,-,-,-,-,-,-,-,-,-,-,-,-
,-,-,-,-,-,-,Red/Blank,-,-,-,-,-,-,-,-,-,1,-,,,-,-,-,-,-,-,-,-,-,-,-,-,-,-,-,-,-,-,-,-,-,-,-,-,-,-,-,-
21.0,S7A,S13,Station,Down Main,-,Calling-on Signal,Miniature(Red/Blank),Red/Blank,56#57#58(63W 61N),59#62,CL1T(Occupied),-,-,R-188,(0#R-188)#(125#R-189)#(81#R-260)#(167#R-261)#(65#R-165)#(120#R-167),558,1,15,21,21,S7A,S13,21,Common Loop 1,15,0,425,15,-,-,-,0,425,188,558,Fall,1 in 465,558,,,,,,,,,,
22.0,S8,S13,Station,Down Main,-,LoopLine Starter,Yellow,Green,56#57(63W 61N),58#59#62,-,N-179#N-175#N-170,-,R-196,(0#R-196)#(113#R-259)#(93#R-260)#(167#R-261)#(65#R-165)#(120#R-167),558,4,15,22,22,S8,S13,22,Down Main,15,0,425,15,-,-,-,0,425,196,558,Fall,1 in 465,558,,,,,,,,,,
,-,-,-,-,-,-,Yellow,Double Yellow,-,-,-,-,-,-,-,-,3,-,,,-,-,-,-,-,-,-,-,-,-,-,-,-,-,-,-,-,-,-,-,-,-,-,-,-,-,-,-
,-,-,-,-,-,-,Yellow,Yellow,-,-,-,-,-,-,-,-,2,-,,,-,-,-,-,-,-,-,-,-,-,-,-,-,-,-,-,-,-,-,-,-,-,-,-,-,-,-,-
,-,-,-,-,-,-,Yellow,Red,-,-,-,-,-,-,-,-,1,-,,,-,-,-,-,-,-,-,-,-,-,-,-,-,-,-,-,-,-,-,-,-,-,-,-,-,-,-,-
,-,-,-,-,-,-,Red/Blank,-,-,-,-,-,-,-,-,-,1,-,,,-,-,-,-,-,-,-,-,-,-,-,-,-,-,-,-,-,-,-,-,-,-,-,-,-,-,-,-
23.0,S8A,S13,Station,Down Main,-,Calling-on Signal,Miniature(Red/Blank),Red/Blank,56#57(63W 61N),58#59#62,CL2T(Occupied),-,-,R-196,(0#R-196)#(113#R-259)#(93#R-260)#(167#R-261)#(65#R-165)#(120#R-167),558,1,15,23,23,S8A,S13,23,Down Main,15,0,425,15,-,-,-,0,425,196,558,Fall,1 in 465,558,,,,,,,,,,
24.0,S9,S13,Station,Down Main,-,LoopLine Starter,Yellow,Green,54#55#57#60(63W 61N),56#58#59#62,-,N-183#N-179#N-175#N-170,-,R-204,(0#R-204)#(94#R-258)#(68#R-259)#(93#R-260)#(167#R-261)#(65#R-165)#(120#R-167),607,4,15,24,24,S9,S13,24,R&D Line,15,0,474,15,-,-,-,0,474,204,607,Fall,1 in 480,607,,,,,,,,,,
,-,-,-,-,-,-,Yellow,Double Yellow,-,-,-,-,-,-,-,-,2,-,,,-,-,-,-,-,-,-,-,-,-,-,-,-,-,-,-,-,-,-,-,-,-,-,-,-,-,-,-
,-,-,-,-,-,-,Yellow,Yellow,-,-,-,-,-,-,-,-,2,-,,,-,-,-,-,-,-,-,-,-,-,-,-,-,-,-,-,-,-,-,-,-,-,-,-,-,-,-,-
,-,-,-,-,-,-,Yellow,Red,-,-,-,-,-,-,-,-,1,-,,,-,-,-,-,-,-,-,-,-,-,-,-,-,-,-,-,-,-,-,-,-,-,-,-,-,-,-,-
,-,-,-,-,-,-,Red/Blank,-,-,-,-,-,-,-,-,-,1,-,,,-,-,-,-,-,-,-,-,-,-,-,-,-,-,-,-,-,-,-,-,-,-,-,-,-,-,-,-
25.0,S9A,S13,Station,Down Main,-,Calling-on Signal,Miniature(Red/Blank),Red/Blank,54#55#57#60(63W 61N),56#58#59#62,R&DT(Occupied),-,-,R-204,(0#R-204)#(94#R-258)#(68#R-259)#(93#R-260)#(167#R-261)#(65#R-165)#(120#R-167),607,1,15,25,25,S9A,S13,25,R&D Line,15,0,474,15,-,-,-,0,474,204,607,Fall,1 in 480,607,,,,,,,,,,
26.0,S10,S13,Station,Down Main,-,LoopLine Starter,Yellow,Green,53#57#60(63W 61N),54#55#56#58#59#62,-,N-183#N-179#N-175#N-170,-,R-212,(0#R-212)#(85#R-256)#(62#R-258)#(68#R-259)#(93#R-260)#(167#R-261)#(65#R-165)#(120#R-167),660,4,15,26,26,S10,S13,26,Goods Loop 2,15,0,527,15,-,-,-,0,527,212,660,Fall,1 in 484,660,,,,,,,,,,
,-,-,-,-,-,-,Yellow,Double Yellow,-,-,-,-,-,-,-,-,3,-,,,-,-,-,-,-,-,-,-,-,-,-,-,-,-,-,-,-,-,-,-,-,-,-,-,-,-,-,-
,-,-,-,-,-,-,Yellow,Yellow,-,-,-,-,-,-,-,-,2,-,,,-,-,-,-,-,-,-,-,-,-,-,-,-,-,-,-,-,-,-,-,-,-,-,-,-,-,-,-
,-,-,-,-,-,-,Yellow,Red,-,-,-,-,-,-,-,-,1,-,,,-,-,-,-,-,-,-,-,-,-,-,-,-,-,-,-,-,-,-,-,-,-,-,-,-,-,-,-
,-,-,-,-,-,-,Red/Blank,-,-,-,-,-,-,-,-,-,1,-,,,-,-,-,-,-,-,-,-,-,-,-,-,-,-,-,-,-,-,-,-,-,-,-,-,-,-,-,-
27.0,S10A,S13,Station,Down Main,-,Calling-on Signal,Miniature(Red/Blank),Red/Blank,53#57#60(63W 61N),54#55#56#58#59#62,GL2T(Occupied),-,-,R-212,(0#R-212)#(85#R-256)#(62#R-258)#(68#R-259)#(93#R-260)#(167#R-261)#(65#R-165)#(120#R-167),660,1,15,27,27,S10A,S13,27,Goods Loop 2,15,0,527,15,-,-,-,0,527,212,660,Fall,1 in 484,660,,,,,,,,,,
28.0,S11,S13,Station,Down Main,-,LoopLine Starter,Yellow,Green,54#57#60(63W 61N),53#55#56#58#59#62,-,N-183#N-179#N-175#N-170,-,R-216,(0#R-216)#(85#R-255)#(41#R-256)#(62#R-258)#(68#R-259)#(93#R-260)#(167#R-261)#(65#R-165)#(120#R-167),701,4,15,28,28,S11,S13,28,Goods Loop 1,15,0,568,15,-,-,-,0,568,216,701,Fall,1 in 479,701,,,,,,,,,,
,-,-,-,-,-,-,Yellow,Double Yellow,-,-,-,-,-,-,-,-,2,-,,,-,-,-,-,-,-,-,-,-,-,-,-,-,-,-,-,-,-,-,-,-,-,-,-,-,-,-,-
,-,-,-,-,-,-,Yellow,Yellow,-,-,-,-,-,-,-,-,2,-,,,-,-,-,-,-,-,-,-,-,-,-,-,-,-,-,-,-,-,-,-,-,-,-,-,-,-,-,-
,-,-,-,-,-,-,Yellow,Red,-,-,-,-,-,-,-,-,1,-,,,-,-,-,-,-,-,-,-,-,-,-,-,-,-,-,-,-,-,-,-,-,-,-,-,-,-,-,-
,-,-,-,-,-,-,Red/Blank,-,-,-,-,-,-,-,-,-,1,-,,,-,-,-,-,-,-,-,-,-,-,-,-,-,-,-,-,-,-,-,-,-,-,-,-,-,-,-,-
29.0,S11A,S13,Station,Down Main,-,Calling-on Signal,Miniature(Red/Blank),Red/Blank,54#57#60(63W 61N),53#55#56#58#59#62,GL1T(Occupied),-,-,R-216,(0#R-216)#(85#R-255)#(41#R-256)#(62#R-258)#(68#R-259)#(93#R-260)#(167#R-261)#(65#R-165)#(120#R-167),701,1,15,29,29,S11A,S13,29,Goods Loop 1,15,0,568,15,-,-,-,0,568,216,701,Fall,1 in 479,701,,,,,,,,,,
30.0,S12,S13,Station,Down Main,-,MainLine Starter,Green,Green,57#62,-,-,N-169#N-170,-,R-161,(0#R-161)#(215#R-163)#(294#R-165)#(120#R-167),629,4,MPS,30,30,S12,S13,30,Down Main,-,-,-,75,-,-,-,0,629,161,629,Fall,1 in 486,629,,,,,,,,,,
,-,-,-,-,-,-,Green,Double Yellow,-,-,-,-,-,-,-,-,3,-,,,-,-,-,-,-,-,-,-,-,-,-,-,-,-,-,-,-,-,-,-,-,-,-,-,-,-,-,-
,-,-,-,-,-,-,Green,Yellow,-,-,-,-,-,-,-,-,2,-,,,-,-,-,-,-,-,-,-,-,-,-,-,-,-,-,-,-,-,-,-,-,-,-,-,-,-,-,-
,-,-,-,-,-,-,Double Yellow,Green,-,-,-,-,-,-,-,-,4,-,,,-,-,-,-,-,-,-,-,-,-,-,-,-,-,-,-,-,-,-,-,-,-,-,-,-,-,-,-
,-,-,-,-,-,-,Double Yellow,Double Yellow,-,-,-,-,-,-,-,-,3,-,,,-,-,-,-,-,-,-,-,-,-,-,-,-,-,-,-,-,-,-,-,-,-,-,-,-,-,-,-
,-,-,-,-,-,-,Double Yellow,Yellow,-,-,-,-,-,-,-,-,2,-,,,-,-,-,-,-,-,-,-,-,-,-,-,-,-,-,-,-,-,-,-,-,-,-,-,-,-,-,-
,-,-,-,-,-,-,Yellow,Green,-,-,-,-,-,-,-,-,2,-,,,-,-,-,-,-,-,-,-,-,-,-,-,-,-,-,-,-,-,-,-,-,-,-,-,-,-,-,-
,-,-,-,-,-,-,Yellow,Double Yellow,-,-,-,-,-,-,-,-,3,-,,,-,-,-,-,-,-,-,-,-,-,-,-,-,-,-,-,-,-,-,-,-,-,-,-,-,-,-,-
,-,-,-,-,-,-,Yellow,Yellow,-,-,-,-,-,-,-,-,2,-,,,-,-,-,-,-,-,-,-,-,-,-,-,-,-,-,-,-,-,-,-,-,-,-,-,-,-,-,-
,-,-,-,-,-,-,Yellow,Red,-,-,-,-,-,-,-,-,1,-,,,-,-,-,-,-,-,-,-,-,-,-,-,-,-,-,-,-,-,-,-,-,-,-,-,-,-,-,-
,-,-,-,-,-,-,Red/Blank,-,-,-,-,-,-,-,-,-,1,15,,,-,-,-,-,-,-,-,-,-,-,-,-,-,-,-,-,-,-,-,-,-,-,-,-,-,-,-,-
31.0,S12A,S13,Station,Down Main,-,Calling-on Signal,Miniature(Red/Blank),Red/Blank,57#62,-,DMT(Occupied),-,-,R-161,(0#R-161)#(215#R-163)#(294#R-165)#(120#R-167),629,1,15,31,31,S12A,S13,31,Down Main,-,-,-,75,-,-,-,0,629,161,629,Fall,1 in 486,629,,,,,,,,,,
32.0,S13,S2079,Auto,Down Main,-,Advance Starter,Green,Green,-,-,-,-,-,R-167,(0#R-167)#(100#R-835)#(725#R-837)#(200#R-839),1025,4,MPS,32,32,S13,S2079,32,Down Main,-,-,-,75,-,-,-,0,218,167,1025,Fall,1 in 105,1025,,,,,,,,,,
,-,-,-,-,-,-,Green,Double Yellow,-,-,-,-,-,-,-,-,3,-,,,-,-,-,-,-,-,-,-,-,-,-,-,-,-,-,-,-,-,-,-,-,-,-,-,-,-,-,-
,-,-,-,-,-,-,Green,Yellow,-,-,-,-,-,-,-,-,2,-,,,-,-,-,-,-,-,-,-,-,-,-,-,-,-,-,-,-,-,-,-,-,-,-,-,-,-,-,-
,-,-,-,-,-,-,Double Yellow,Green,-,-,-,-,-,-,-,-,4,-,,,-,-,-,-,-,-,-,-,-,-,-,-,-,-,-,-,-,-,-,-,-,-,-,-,-,-,-,-
,-,-,-,-,-,-,Double Yellow,Double Yellow,-,-,-,-,-,-,-,-,3,-,,,-,-,-,-,-,-,-,-,-,-,-,-,-,-,-,-,-,-,-,-,-,-,-,-,-,-,-,-
,-,-,-,-,-,-,Double Yellow,Yellow,-,-,-,-,-,-,-,-,2,-,,,-,-,-,-,-,-,-,-,-,-,-,-,-,-,-,-,-,-,-,-,-,-,-,-,-,-,-,-
,-,-,-,-,-,-,Yellow,Green,-,-,-,-,-,-,-,-,4,-,,,-,-,-,-,-,-,-,-,-,-,-,-,-,-,-,-,-,-,-,-,-,-,-,-,-,-,-,-
,-,-,-,-,-,-,Yellow,Double Yellow,-,-,-,-,-,-,-,-,2,-,,,-,-,-,-,-,-,-,-,-,-,-,-,-,-,-,-,-,-,-,-,-,-,-,-,-,-,-,-
,-,-,-,-,-,-,Yellow,Yellow,-,-,-,-,-,-,-,-,2,-,,,-,-,-,-,-,-,-,-,-,-,-,-,-,-,-,-,-,-,-,-,-,-,-,-,-,-,-,-
,-,-,-,-,-,-,Yellow,Red,-,-,-,-,-,-,-,-,1,-,,,-,-,-,-,-,-,-,-,-,-,-,-,-,-,-,-,-,-,-,-,-,-,-,-,-,-,-,-
,-,-,-,-,-,-,Red/Blank,-,-,-,-,-,-,-,-,-,1,15,,,-,-,-,-,-,-,-,-,-,-,-,-,-,-,-,-,-,-,-,-,-,-,-,-,-,-,-,-
33.0,S81,S2038(2),Auto,MMTS Up Main,-,Advance Starter,Green,Green,-,-,-,-,-,R-138,(0#R-138)#(100#R-810)#(767#R-808)#(200#R-806),1067,4,MPS,33,33,S81,S2038(2),33,MMTS Up Main,-,-,-,120,-,-,-,0,1067,138,1067,Raise,1 in 100,593,,,,,,,,,,
,-,-,-,-,-,-,Green,Double Yellow,-,-,-,-,-,-,-,-,3,-,,,-,-,-,-,-,-,-,-,-,-,-,-,-,-,-,-,-,-,-,-,-,-,-,-,-,-,-,-
,-,-,-,-,-,-,Green,Yellow,-,-,-,-,-,-,-,-,2,-,,,-,-,-,-,-,-,-,-,-,-,-,-,-,-,-,-,-,-,-,-,-,-,-,-,-,-,-,-
,-,-,-,-,-,-,Double Yellow,Green,-,-,-,-,-,-,-,-,4,-,,,-,-,-,-,-,-,-,-,-,-,-,-,-,-,-,-,-,-,-,-,-,-,-,-,-,-,-,-
,-,-,-,-,-,-,Double Yellow,Double Yellow,-,-,-,-,-,-,-,-,3,-,,,-,-,-,-,-,-,-,-,-,-,-,-,-,-,-,-,-,-,-,-,-,-,-,-,-,-,-,-
,-,-,-,-,-,-,Double Yellow,Yellow,-,-,-,-,-,-,-,-,2,-,,,-,-,-,-,-,-,-,-,-,-,-,-,-,-,-,-,-,-,-,-,-,-,-,-,-,-,-,-
,-,-,-,-,-,-,Yellow,Green,-,-,-,-,-,-,-,-,4,-,,,-,-,-,-,-,-,-,-,-,-,-,-,-,-,-,-,-,-,-,-,-,-,-,-,-,-,-,-
,-,-,-,-,-,-,Yellow,Double Yellow,-,-,-,-,-,-,-,-,3,-,,,-,-,-,-,-,-,-,-,-,-,-,-,-,-,-,-,-,-,-,-,-,-,-,-,-,-,-,-
,-,-,-,-,-,-,Yellow,Yellow,-,-,-,-,-,-,-,-,2,-,,,-,-,-,-,-,-,-,-,-,-,-,-,-,-,-,-,-,-,-,-,-,-,-,-,-,-,-,-
,-,-,-,-,-,-,Yellow,Red,-,-,-,-,-,-,-,-,1,-,,,-,-,-,-,-,-,-,-,-,-,-,-,-,-,-,-,-,-,-,-,-,-,-,-,-,-,-,-
,-,-,-,-,-,-,Red/Blank,-,-,-,-,-,-,-,-,-,1,15,,,-,-,-,-,-,-,-,-,-,-,-,-,-,-,-,-,-,-,-,-,-,-,-,-,-,-,-,-
34.0,S82,S81,Station,MMTS Up Main,-,MainLine Starter,Green,Green,39#37,-,-,N-161#N-159,-,R-144,(0#R-144)#(170#R-142)#(144#R-140)#(120#R-138),434,4,MPS,34,34,S82,S81,34,MMTS Up Main,-,-,-,120,-,-,-,0,434,144,434,Raise,1 in 173,434,,,,,,,,,,
,-,-,-,-,-,-,Green,Double Yellow,-,-,-,-,-,-,-,-,3,-,,,-,-,-,-,-,-,-,-,-,-,-,-,-,-,-,-,-,-,-,-,-,-,-,-,-,-,-,-
,-,-,-,-,-,-,Green,Yellow,-,-,-,-,-,-,-,-,2,-,,,-,-,-,-,-,-,-,-,-,-,-,-,-,-,-,-,-,-,-,-,-,-,-,-,-,-,-,-
,-,-,-,-,-,-,Double Yellow,Green,-,-,-,-,-,-,-,-,4,-,,,-,-,-,-,-,-,-,-,-,-,-,-,-,-,-,-,-,-,-,-,-,-,-,-,-,-,-,-
,-,-,-,-,-,-,Double Yellow,Double Yellow,-,-,-,-,-,-,-,-,3,-,,,-,-,-,-,-,-,-,-,-,-,-,-,-,-,-,-,-,-,-,-,-,-,-,-,-,-,-,-
,-,-,-,-,-,-,Double Yellow,Yellow,-,-,-,-,-,-,-,-,2,-,,,-,-,-,-,-,-,-,-,-,-,-,-,-,-,-,-,-,-,-,-,-,-,-,-,-,-,-,-
,-,-,-,-,-,-,Yellow,Green,-,-,-,-,-,-,-,-,4,-,,,-,-,-,-,-,-,-,-,-,-,-,-,-,-,-,-,-,-,-,-,-,-,-,-,-,-,-,-
,-,-,-,-,-,-,Yellow,Double Yellow,-,-,-,-,-,-,-,-,3,-,,,-,-,-,-,-,-,-,-,-,-,-,-,-,-,-,-,-,-,-,-,-,-,-,-,-,-,-,-
,-,-,-,-,-,-,Yellow,Yellow,-,-,-,-,-,-,-,-,2,-,,,-,-,-,-,-,-,-,-,-,-,-,-,-,-,-,-,-,-,-,-,-,-,-,-,-,-,-,-
,-,-,-,-,-,-,Yellow,Red,-,-,-,-,-,-,-,-,1,-,,,-,-,-,-,-,-,-,-,-,-,-,-,-,-,-,-,-,-,-,-,-,-,-,-,-,-,-,-
,-,-,-,-,-,-,Red/Blank,-,-,-,-,-,-,-,-,-,1,15,,,-,-,-,-,-,-,-,-,-,-,-,-,-,-,-,-,-,-,-,-,-,-,-,-,-,-,-,-
35.0,S82A,S81,Station,MMTS Up Main,-,Calling-on Signal,Miniature(Red/Blank),Red/Blank,39#37,-,MMTS_UMBT(occupied),-,-,R-144,(0#R-144)#(170#R-142)#(144#R-140)#(120#R-138),434,1,15,35,35,S82A,S81,35,MMTS Up Main,-,-,-,120,-,-,-,0,434,144,434,Raise,1 in 173,434,,,,,,,,,,
36.0,S86,S2038(1),Auto,Up Main,-,Advance Starter,Green,Green,-,-,-,-,-,R-156,(0#R-74)#(100#R-72)#(961#R-16)#(200#R-14),1261,4,MPS,36,36,S86,S2038(1),36,Up Main,-,-,-,120,-,-,-,0,1261,156,1261,Raise,1 in 100,693,,,,,,,,,,
,-,-,-,-,-,-,Green,Double Yellow,-,-,-,-,-,-,-,-,3,-,,,-,-,-,-,-,-,-,-,-,-,-,-,-,-,-,-,-,-,-,-,-,-,-,-,-,-,-,-
,-,-,-,-,-,-,Green,Yellow,-,-,-,-,-,-,-,-,2,-,,,-,-,-,-,-,-,-,-,-,-,-,-,-,-,-,-,-,-,-,-,-,-,-,-,-,-,-,-
,-,-,-,-,-,-,Double Yellow,Green,-,-,-,-,-,-,-,-,4,-,,,-,-,-,-,-,-,-,-,-,-,-,-,-,-,-,-,-,-,-,-,-,-,-,-,-,-,-,-
,-,-,-,-,-,-,Double Yellow,Double Yellow,-,-,-,-,-,-,-,-,3,-,,,-,-,-,-,-,-,-,-,-,-,-,-,-,-,-,-,-,-,-,-,-,-,-,-,-,-,-,-
,-,-,-,-,-,-,Double Yellow,Yellow,-,-,-,-,-,-,-,-,2,-,,,-,-,-,-,-,-,-,-,-,-,-,-,-,-,-,-,-,-,-,-,-,-,-,-,-,-,-,-
,-,-,-,-,-,-,Yellow,Green,-,-,-,-,-,-,-,-,4,-,,,-,-,-,-,-,-,-,-,-,-,-,-,-,-,-,-,-,-,-,-,-,-,-,-,-,-,-,-
,-,-,-,-,-,-,Yellow,Double Yellow,-,-,-,-,-,-,-,-,3,-,,,-,-,-,-,-,-,-,-,-,-,-,-,-,-,-,-,-,-,-,-,-,-,-,-,-,-,-,-
,-,-,-,-,-,-,Yellow,Yellow,-,-,-,-,-,-,-,-,2,-,,,-,-,-,-,-,-,-,-,-,-,-,-,-,-,-,-,-,-,-,-,-,-,-,-,-,-,-,-
,-,-,-,-,-,-,Yellow,Red,-,-,-,-,-,-,-,-,1,-,,,-,-,-,-,-,-,-,-,-,-,-,-,-,-,-,-,-,-,-,-,-,-,-,-,-,-,-,-
,-,-,-,-,-,-,Red/Blank,-,-,-,-,-,-,-,-,-,1,-,,,-,-,-,-,-,-,-,-,-,-,-,-,-,-,-,-,-,-,-,-,-,-,-,-,-,-,-,-
37.0,S87,S86,Station, Up Main,-,MainLine Starter,Green,Green,38#40,-,-,N-173#N-171,-,R-162,(0#R-162)#(130#R-160)#(118#R-158)#(120#R-156),368,4,MPS,37,37,S87,S86,37,Up Main,-,-,-,120,-,-,-,0,368,162,368,Raise,1 in 190,368,,,,,,,,,,
,-,-,-,-,-,-,Green,Double Yellow,-,-,-,-,-,-,-,-,3,-,,,-,-,-,-,-,-,-,-,-,-,-,-,-,-,-,-,-,-,-,-,-,-,-,-,-,-,-,-
,-,-,-,-,-,-,Green,Yellow,-,-,-,-,-,-,-,-,2,-,,,-,-,-,-,-,-,-,-,-,-,-,-,-,-,-,-,-,-,-,-,-,-,-,-,-,-,-,-
,-,-,-,-,-,-,Double Yellow,Green,-,-,-,-,-,-,-,-,4,-,,,-,-,-,-,-,-,-,-,-,-,-,-,-,-,-,-,-,-,-,-,-,-,-,-,-,-,-,-
,-,-,-,-,-,-,Double Yellow,Double Yellow,-,-,-,-,-,-,-,-,3,-,,,-,-,-,-,-,-,-,-,-,-,-,-,-,-,-,-,-,-,-,-,-,-,-,-,-,-,-,-
,-,-,-,-,-,-,Double Yellow,Yellow,-,-,-,-,-,-,-,-,2,-,,,-,-,-,-,-,-,-,-,-,-,-,-,-,-,-,-,-,-,-,-,-,-,-,-,-,-,-,-
,-,-,-,-,-,-,Yellow,Green,-,-,-,-,-,-,-,-,4,-,,,-,-,-,-,-,-,-,-,-,-,-,-,-,-,-,-,-,-,-,-,-,-,-,-,-,-,-,-
,-,-,-,-,-,-,Yellow,Double Yellow,-,-,-,-,-,-,-,-,2,-,,,-,-,-,-,-,-,-,-,-,-,-,-,-,-,-,-,-,-,-,-,-,-,-,-,-,-,-,-
,-,-,-,-,-,-,Yellow,Yellow,-,-,-,-,-,-,-,-,2,-,,,-,-,-,-,-,-,-,-,-,-,-,-,-,-,-,-,-,-,-,-,-,-,-,-,-,-,-,-
,-,-,-,-,-,-,Yellow,Red,-,-,-,-,-,-,-,-,1,-,,,-,-,-,-,-,-,-,-,-,-,-,-,-,-,-,-,-,-,-,-,-,-,-,-,-,-,-,-
,-,-,-,-,-,-,Red/Blank,-,-,-,-,-,-,-,-,-,1,15,,,-,-,-,-,-,-,-,-,-,-,-,-,-,-,-,-,-,-,-,-,-,-,-,-,-,-,-,-
38.0,S87A,S86,Station, Up Main,-,Calling-on Signal,Miniature(Red/Blank),Red/Blank,38#40,-, UMT(Occupied),-,-,R-162,(0#R-162)#(130#R-160)#(118#R-158)#(120#R-156),368,1,15,38,38,S87A,S86,38,Up Main,-,-,-,120,-,-,-,0,368,162,368,Raise,1 in 190,368,,,,,,,,,,
39.0,S88,S86,Station, Up Main,-,LoopLine Starter,Yellow,Green,38#43#44#41,40,-,N-177#N-173#N-171,-,R-185,(0#R-185)#(199#R-245)#(59#R-160)#(118#R-158)#(120#R-156),496,4,30,39,39,S88,S86,39,Common Loop 1,30,0,255,30,-,-,-,0,255,185,496,Raise,1 in 227,496,,,,,,,,,,
,-,-,-,-,-,-,Yellow,Double Yellow,-,-,-,-,-,-,-,-,3,-,,,-,-,-,-,-,-,-,-,-,-,-,-,-,-,-,-,-,-,-,-,-,-,-,-,-,-,-,-
,-,-,-,-,-,-,Yellow,Yellow,-,-,-,-,-,-,-,-,2,-,,,-,-,-,-,-,-,-,-,-,-,-,-,-,-,-,-,-,-,-,-,-,-,-,-,-,-,-,-
,-,-,-,-,-,-,Yellow,Red,-,-,-,-,-,-,-,-,1,-,,,-,-,-,-,-,-,-,-,-,-,-,-,-,-,-,-,-,-,-,-,-,-,-,-,-,-,-,-
,-,-,-,-,-,-,Red/Blank,-,-,-,-,-,-,-,-,-,1,15,,,-,-,-,-,-,-,-,-,-,-,-,-,-,-,-,-,-,-,-,-,-,-,-,-,-,-,-,-
40.0,S88A,S86,Station,Up Main,-,Calling-on Signal,Miniature(Red/Blank),Red/Blank,38#43#44#41,40,CL1T(Occupied),-,-,R-185,(0#R-185)#(199#R-245)#(59#R-160)#(118#R-158)#(120#R-156),496,1,15,40,40,S88A,S86,40,Common Loop 1,30,0,255,30,-,-,-,0,255,185,496,Raise,1 in 227,496,,,,,,,,,,
41.0,S89,S86,Station,Up Main,-,LoopLine Starter,Yellow,Green,38#41#43,40#44,-,N-177#N-173#N-171,-,R-193,(0#R-193)#(63#R-246)#(136#R-245)#(59#R-160)#(118#R-158)#(120#R-156),496,4,15,41,41,S89,S86,41,Common Loop 2,30,0,153,30,-,-,-,0,153,193,496,Raise,1 in 227,496,,,,,,,,,,
,-,-,-,-,-,-,Yellow,Double Yellow,-,-,-,-,-,-,-,-,3,-,,,-,-,-,-,-,-,-,-,-,-,-,-,-,-,-,-,-,-,-,-,-,-,-,-,-,-,-,-
,-,-,-,-,-,-,Yellow,Yellow,-,-,-,-,-,-,-,-,2,-,,,-,-,-,-,-,-,-,-,-,-,-,-,-,-,-,-,-,-,-,-,-,-,-,-,-,-,-,-
,-,-,-,-,-,-,Yellow,Red,-,-,-,-,-,-,-,-,1,-,,,-,-,-,-,-,-,-,-,-,-,-,-,-,-,-,-,-,-,-,-,-,-,-,-,-,-,-,-
,-,-,-,-,-,-,Red/Blank,-,-,-,-,-,-,-,-,-,1,-,,,-,-,-,-,-,-,-,-,-,-,-,-,-,-,-,-,-,-,-,-,-,-,-,-,-,-,-,-
42.0,S89A,S86,Station,Up Main,-,Calling-on Signal,Miniature(Red/Blank),Red/Blank,38#41#43,40#44,CL2T(Occupied),-,-,R-193,(0#R-193)#(63#R-246)#(136#R-245)#(59#R-160)#(118#R-158)#(120#R-156),496,1,15,42,42,S89A,S86,42,Common Loop 2,30,0,153,30,-,-,-,0,153,193,496,Raise,1 in 227,496,,,,,,,,,,
43.0,S90,S86,Station,Up Main,-,LoopLine Starter,Yellow,Green,38#41#45#49,40#43,-,N-181#N-177#N-173#N-171,-,R-201,(0#R-201)#(85#R-247)#(114#R-245)#(59#R-160)(118#R-158)#(120#R-156),496,4,15,43,43,S90,S86,43,R&D Line,30,0,153,30,-,-,-,0,153,201,496,Raise,1 in 227,496,,,,,,,,,,
,-,-,-,-,-,-,Yellow,Double Yellow,-,-,-,-,-,-,-,-,2,-,,,-,-,-,-,-,-,-,-,-,-,-,-,-,-,-,-,-,-,-,-,-,-,-,-,-,-,-,-
,-,-,-,-,-,-,Yellow,Yellow,-,-,-,-,-,-,-,-,2,-,,,-,-,-,-,-,-,-,-,-,-,-,-,-,-,-,-,-,-,-,-,-,-,-,-,-,-,-,-
,-,-,-,-,-,-,Yellow,Red,-,-,-,-,-,-,-,-,1,-,,,-,-,-,-,-,-,-,-,-,-,-,-,-,-,-,-,-,-,-,-,-,-,-,-,-,-,-,-
,-,-,-,-,-,-,Red/Blank,-,-,-,-,-,-,-,-,-,1,-,,,-,-,-,-,-,-,-,-,-,-,-,-,-,-,-,-,-,-,-,-,-,-,-,-,-,-,-,-
44.0,S90A,S86,Station,Up Main,-,Calling-on Signal,Miniature(Red/Blank),Red/Blank,38#41#45#49,40#43,R&DT(Occupied),-,-,R-201,(0#R-201)#(85#R-247)#(114#R-245)#(59#R-160)(118#R-158)#(120#R-156),496,1,15,44,44,S90A,S86,44,R&D Line,30,0,153,30,-,-,-,0,153,201,496,Raise,1 in 227,496,,,,,,,,,,
45.0,S99,S90,Station,R and D line,-,Main Home with Junction Route Indicator,Yellow with Pos 1,Red,53#54#55#60#62(63W 61N),56#58#59,R&DT,N-175#N-179#N-183#N-182,N-181#N-177(W43R),R-172,(0#R-172)#(300#R-170)#(212#R-260)#(93#R-259)#(68#R-258)#(94#R-204)#(200#R-203)#(237#R-202)#(200#R-201),1404,1,15,45,45,S99,S90,45,R&D Line,30,0,114,30,-,-,-,0,572,172,1404,Raise,1 in 377,1404,,,,,,,,Fouling Mark,760,0
46.0,S99,S89,Station,COMMON LOOP 2,-,Main Home with Junction Route Indicator,Yellow with Pos 1,Yellow,56#62(63W 61N),58#59,CL2T,N-175#N-179#N-180,N-177,R-172,(0#R-172)#(300#R-170)#(212#R-260)#(93#R-259)#(113#R-196)#(200#R-195)#(286#R-194)#(200#R-193),1404,2,15,46,46,S99,S89,46,Common Loop 2,30,0,114,30,-,-,-,0,572,172,1404,Raise,1 in 377,1404,,,,,,,,Fouling Mark,688,0
,-,-,-,-,-,-,Yellow with Pos 1,Red,-,-,-,-,-,-,-,-,1,-,,,-,-,-,-,-,-,-,-,-,-,-,-,-,-,-,-,-,-,-,-,-,-,-,-,-,-,-,-
47.0,S99,S88,Station,COMMON LOOP 1,-,Main Home with Junction Route Indicator,Yellow with Pos 1,Yellow,56#58#62(63W 61N),59,CL1T,N-175#N-179#N-178,N-177,R-172,(0#R-172)#(300#R-170)#(212#R-260)#(81#R-189)(125#R-188)#(200#R-187)#(286#R-186)#(200#R-185),1404,2,15,47,47,S99,S88,47,Common Loop 1,30,458,946,75,-,-,-,0,458,172,1404,Raise,1 in 377,1404,,,,,,,,Fouling Mark,693,0
,-,-,-,-,-,-,Yellow with Pos 1,Red,-,-,-,-,-,-,-,-,1,-,,,-,-,-,-,-,-,-,-,-,-,-,-,-,-,-,-,-,-,-,-,-,-,-,-,-,-,-,-
48.0,S99,S87,Station,Up Main,-,Main Home with Junction Route Indicator,Green,Green,59#62,-,UMAT#UMBT,N-175#N-174,N-173,R-172,(0#R-172)#(300#R-170)#(272#R-168)#(200#R-166)#(560#R-164)#(200#R-162),1532,4,MPS,48,48,S99,S87,48,Up Main,-,-,-,75,-,-,-,0,779,172,1532,Raise,1 in 379,1532,,,,,,,,Fouling Mark,566,0
,-,-,-,-,-,-,Green,Double Yellow,-,-,-,-,-,-,-,-,3,-,,,-,-,-,-,-,-,-,-,-,-,-,-,-,-,-,-,-,-,-,-,-,-,-,-,-,-,-,-
,-,-,-,-,-,-,Green,Yellow,-,-,-,-,-,-,-,-,2,-,,,-,-,-,-,-,-,-,-,-,-,-,-,-,-,-,-,-,-,-,-,-,-,-,-,-,-,-,-
,-,-,-,-,-,-,Double Yellow,Green,-,-,-,-,-,-,-,-,4,-,,,-,-,-,-,-,-,-,-,-,-,-,-,-,-,-,-,-,-,-,-,-,-,-,-,-,-,-,-
,-,-,-,-,-,-,Double Yellow,Double Yellow,-,-,-,-,-,-,-,-,3,-,,,-,-,-,-,-,-,-,-,-,-,-,-,-,-,-,-,-,-,-,-,-,-,-,-,-,-,-,-
,-,-,-,-,-,-,Double Yellow,Yellow,-,-,-,-,-,-,-,-,2,-,,,-,-,-,-,-,-,-,-,-,-,-,-,-,-,-,-,-,-,-,-,-,-,-,-,-,-,-,-
,-,-,-,-,-,-,Yellow,Green,-,-,-,-,-,-,-,-,4,-,,,-,-,-,-,-,-,-,-,-,-,-,-,-,-,-,-,-,-,-,-,-,-,-,-,-,-,-,-
,-,-,-,-,-,-,Yellow,Double Yellow,-,-,-,-,-,-,-,-,2,-,,,-,-,-,-,-,-,-,-,-,-,-,-,-,-,-,-,-,-,-,-,-,-,-,-,-,-,-,-
,-,-,-,-,-,-,Yellow,Yellow,-,-,-,-,-,-,-,-,2,-,,,-,-,-,-,-,-,-,-,-,-,-,-,-,-,-,-,-,-,-,-,-,-,-,-,-,-,-,-
,-,-,-,-,-,-,Yellow,Red,-,-,-,-,-,-,-,-,1,-,,,-,-,-,-,-,-,-,-,-,-,-,-,-,-,-,-,-,-,-,-,-,-,-,-,-,-,-,-
49.0,S99,S146,Station,GOODS LOOP 2,-,Main Home with Junction Route Indicator,Yellow with Pos 1,Red,60#53#62(63W 61N),59#58#56#55#54,GL2T,N-175#N-179#N-183#N-186,N-185,R-172,(0#R-172)#(300#R-170)#(212#R-260)#(93#R-259)#(68#R-258)#(62#R-256)#(85#R-212)#(200#R-211)#(354#R-210)#(200#R-209),1574,1,15,49,49,S99,S146,49,Goods Loop line-2,30,458,114,75,-,-,-,0,458,172,1574,Raise,1 in 380,1574,,,,,,,,Fouling Mark,813,0
50.0,S99,S145,Station,GOODS LOOP 1,-,Main Home with Junction Route Indicator,Yellow with Pos 1,Red,60#62#54(63W 61N),59#58#56#55#53,GL1T,N-175#N-179#N-183#N-188,N-185,R-172,(0#R-172)#(300#R-170)#(212#R-260)#(93#R-259)#(68#R-258)#(62#R-256)#(41#R-255)#(85#R-216)#(200#R-215)#(313#R-214)#(200#R-213),1574,1,15,50,50,S99,S145,50,Goods Loop line-1,30,458,114,75,-,-,-,0,458,172,1574,Raise,1 in 380,1574,,,,,,,,Fouling Mark,854,0
51.0,S99,S144,Station,Road 11,-,Main Home with Junction Route Indicator,Yellow with Pos 1,Red,62#54#53#123#60(63W 61N),59#58#56#55,RD11T,N-175#N-179#N-183#N-190,N-191,R-172,(0#R-172)#(300#R-170)#(212#R-260)#(93#R-259)#(68#R-258)#(62#R-256)#(41#R-255)#(29#R-254)#(91#R-220)#(200#R-219)#(260#R-218)#(200#R-217),1556,1,15,51,51,S99,S144,51,Road-11,30,458,114,75,-,-,-,0,458,172,1556,Raise,1 in 379,1556,,,,,,,,Fouling Mark,889,0
52.0,S99,S143,Station,Road 12,-,Main Home with Junction Route Indicator,Yellow with Pos 1,Red,62#54#53#122#60(63W 61N),59#58#56#55#123,RD12T,N-175#N-179#N-183#N-194#N-192,N-191,R-172,(0#R-172)#(300#R-170)#(212#R-260)#(93#R-259)#(68#R-258)#(62#R-256)#(41#R-255)#(29#R-254)#(35#R-253)#(91#R-228)#(200#R-227)#(225#R-226)#(200#R-225),1556,1,15,52,52,S99,S143,52,Road-12,30,458,114,75,-,-,-,0,458,172,1556,Raise,1 in 379,1556,,,,,,,,Fouling Mark,924,0
53.0,S99,S142,Station,Road 13,-,Main Home with Junction Route Indicator,Yellow with Pos 1 (line 8),(S142)Red/Blank,62#54#53#121#60 (63W 61N),59#58#56#55#123#122,RD13T,N-175#N-179#N-183#N-194#N-193,N-195,R-172,(0#R-172)#(300#R-170)#(212#R-260)#(93#R-259)#(68#R-258)#(62#R-256)#(41#R-255)#(29#R-254)#(35#R-253)#(44#R-252)#(82#R-232)#(200#R-231)#(171#R-230)#(200#R-229),1537,1,15,53,53,S99,S142,53,Road-13,30,458,114,75,-,-,-,0,458,172,1537,Raise,1 in 379,1537,,,,,,,,Fouling Mark,959,0
54.0,S99,S141,Station,Road 14,-,Main Home with Junction Route Indicator,Yellow with Pos 1 (line 9),(S141)Red/Blank,62#54#53#60 (63W 61N),59#58#56#55#123#122#121,RD14T,N-175#N-179#N-183#N-194#N-196,N-195,R-172,(0#R-172)#(300#R-170)#(212#R-260)#(93#R-259)#(68#R-258)#(62#R-256)#(41#R-255)#(29#R-254)#(35#R-253)#(44#R-252)#(50#R-251)#(32#R-240)#(200#R-239)#(171#R-238)#(200#R-237),1537,1,15,54,54,S99,S141,54,Road-14,30,458,114,75,-,-,-,0,458,172,1537,Raise,1 in 379,1537,,,,,,,,Fouling Mark,959,0
55.0,S99,-,Station,-,-,Main Home,(S99)Red/Blank,-,-,-,-,-,-,R-88,-,1404,1,15,55,55,-,-,-,-,-,-,-,-,-,-,-,-,-,-,-,-,-,-,-,-,-,-,-,-,-,-,-,-
56.0,S99A,S146,Station,GOODS LOOP 2,-,Calling On Signal,Miniature,(S146)Red/Blank,62#60#53 (63W 61N),59#58#56#55#54,99AT (Occupied),-,-,R-172,(0#R-172)#(300#R-170)#(212#R-260)#(93#R-259)#(68#R-258)#(62#R-256)#(85#R-212)#(200#R-211)#(354#R-210)#(200#R-209),1574,1,15,56,56,S99A,S146,56,Goods Loop line-2,30,458,114,75,-,-,-,0,458,172,1574,Raise,1 in 380,1574,,,,,,,,Fouling Mark,813,0
57.0,S99A,S145,Station,GOODS LOOP 1,-,Calling On Signal,Miniature,(S145)Red/Blank,62#54#60 (63W 61N),59#58#56#55#53,99AT (Occupied),-,-,R-172,(0#R-172)#(300#R-170)#(212#R-260)#(93#R-259)#(68#R-258)#(62#R-256)#(41#R-255)#(85#R-216)#(200#R-215)#(313#R-214)#(200#R-213),1574,1,15,57,57,S99A,S145,57,Goods Loop line-1,30,458,114,75,-,-,-,0,458,172,1574,Raise,1 in 380,1574,,,,,,,,Fouling Mark,854,0
58.0,S99A,S144,Station,Road 11,-,Calling On Signal,Miniature,(S144)Red/Blank,62#54#53#123#60 (63W 61N),59#58#56#55,99AT (Occupied),-,-,R-172,(0#R-172)#(300#R-170)#(212#R-260)#(93#R-259)#(68#R-258)#(62#R-256)#(41#R-255)#(29#R-254)#(91#R-220)#(200#R-219)#(260#R-218)#(200#R-217),1556,1,15,58,58,S99A,S144,58,Road-11,30,458,114,75,-,-,-,0,458,172,1556,Raise,1 in 379,1556,,,,,,,,Fouling Mark,889,0
59.0,S99A,S143,Station,Road 12,-,Calling On Signal,Miniature,(S143)Red/Blank,62#54#53#122#60 (63W 61N),59#58#56#55#123,99AT (Occupied),-,-,R-172,(0#R-172)#(300#R-170)#(212#R-260)#(93#R-259)# (68#R-258)#(62#R-256)#(41#R-255)#(29#R-254)# (35#R-253)#(91#R-228)#(200#R-227)#(225#R-226)# (200#R-225),1556,1,15,59,59,S99A,S143,59,Road-12,30,458,114,75,-,-,-,0,458,172,1556,Raise,1 in 379,1556,,,,,,,,Fouling Mark,924,0
60.0,S99A,S142,Station,Road 13,-,Calling On Signal,Miniature,(S142)Red/Blank,62#54#53#121#60 (63W 61N),59#58#56#55#123#122,99AT (Occupied),-,-,R-172,(0#R-172)#(300#R-170)#(212#R-260)#(93#R-259)# (68#R-258)#(62#R-256)#(41#R-255)#(29#R-254)# (35#R-253)#(44#R-252)#(82#R-232)# (200#R-231)#(171#R-230)#(200#R-229),1537,1,15,60,60,S99A,S142,60,Road-13,30,458,114,75,-,-,-,0,458,172,1537,Raise,1 in 379,1537,,,,,,,,Fouling Mark,959,0
61.0,S99A,S141,Station,Road 14,-,Calling On Signal,Miniature,(S141)Red/Blank,62#54#53#60 (63W 61N),59#58#56#55#123#122#121,99AT (Occupied),-,-,R-172,(0#R-172)#(300#R-170)#(212#R-260)#(93#R-259)#(68#R-258)#(62#R-256)#(41#R-255)#(29#R-254)#(35#R-253)#(44#R-252)#(50#R-251)#(32#R-240)#(200#R-239)#(171#R-238)#(200#R-237),1537,1,15,61,61,S99A,S141,61,Road-14,30,458,114,75,-,-,-,0,458,172,1537,Raise,1 in 379,1537,,,,,,,,Fouling Mark,959,0
62.0,S99A,S90,Station,GOODS LOOP 1,-,Calling On Signal,Miniature,(S90)Red/Blank,55#62#60#54#53 (63W 61N),56#58#59,99AT (Occupied),-,-,R-172,(0#R-172)#(300#R-170)#(212#R-260)#(93#R-259)# (68#R-258)#(94#R-204)#(200#R-203)#(237#R-202)# (200#R-201),1404,1,15,62,62,S99A,S90,62,R&D Line,30,0,114,30,-,-,-,0,572,172,1404,Raise,1 in 377,1404,,,,,,,,Fouling Mark,760,0
63.0,S99A,S89,Station,GOODS LOOP 2,-,Calling On Signal,Miniature,(S89)Red/Blank,56#62 (63W 61N),58#59,99AT (Occupied),-,-,R-172,(0#R-172)#(300#R-170)#(212#R-260)#(93#R-259)# (113#R-196)#(200#R-195)#(286#R-194)# (200#R-193),1404,1,15,63,63,S99A,S89,63,Common Loop 2,30,0,114,30,-,-,-,0,572,172,1404,Raise,1 in 377,1404,,,,,,,,Fouling Mark,688,0
64.0,S99A,S88,Station,GOODS LOOP 1,-,Calling On Signal,Miniature,(S88)Red/Blank,58#62#56 (63W 61N),59,99AT (Occupied),-,-,R-172,(0#R-172)#(300#R-170)#(212#R-260)#(81#R-189)#(125#R-188)#(200#R-187)#(286#R-186)#(200#R-185),1404,1,15,64,64,S99A,S88,64,Common Loop 1,30,458,946,75,-,-,-,0,458,172,1404,Raise,1 in 377,1404,,,,,,,,Fouling Mark,693,0
65.0,S99A,S87,Station,UP MAIN,-,Calling On Signal,Miniature,(S87)Red/Blank,59#62,-,99AT (Occupied),-,-,R-172,(0#R-172)#(300#R-170)#(272#R-168)#(200#R-166)# (560#R-164)#(200#R-162),1532,1,15,65,65,S99A,S87,65,Up Main,-,-,-,75,-,-,-,0,779,172,1532,Raise,1 in 379,1532,,,,,,,,Fouling Mark,566,0
66.0,S100,S82,Station,MMTS UP MAIN,-,MMTS UP MAIN HOME,Green,Green,-,-,MMTS_UMAT#MMTS_UMBT,N-162,N-161,R-154,(0#R-154)#(180#R-152)#(387#R-150)#(200#R-148)#(568#R-146)#(200#R-144),1535,4,MPS,66,66,S100,S82,66,MMTS Up Main,-,-,,75,-,-,-,0,748,154,1535,Raise,1 in 404,1535,,,,,,,,,,
,-,-,-,-,-,-,Green,Double Yellow,-,-,-,-,-,-,-,-,4,-,,,-,-,-,-,-,-,-,-,-,-,-,-,-,-,-,-,-,-,-,-,-,-,-,-,-,-,-,-
,-,-,-,-,-,-,Green,Yellow,-,-,-,-,-,-,-,-,2,-,,,-,-,-,-,-,-,-,-,-,-,-,-,-,-,-,-,-,-,-,-,-,-,-,-,-,-,-,-
,-,-,-,-,-,-,Double Yellow,Green,-,-,-,-,-,-,-,-,4,-,,,-,-,-,-,-,-,-,-,-,-,-,-,-,-,-,-,-,-,-,-,-,-,-,-,-,-,-,-
,-,-,-,-,-,-,Double Yellow,Double Yellow,-,-,-,-,-,-,-,-,4,-,,,-,-,-,-,-,-,-,-,-,-,-,-,-,-,-,-,-,-,-,-,-,-,-,-,-,-,-,-
,-,-,-,-,-,-,Double Yellow,Yellow,-,-,-,-,-,-,-,-,2,-,,,-,-,-,-,-,-,-,-,-,-,-,-,-,-,-,-,-,-,-,-,-,-,-,-,-,-,-,-
,-,-,-,-,-,-,Yellow,Green,-,-,-,-,-,-,-,-,4,-,,,-,-,-,-,-,-,-,-,-,-,-,-,-,-,-,-,-,-,-,-,-,-,-,-,-,-,-,-
,-,-,-,-,-,-,Yellow,Double Yellow,-,-,-,-,-,-,-,-,2,-,,,-,-,-,-,-,-,-,-,-,-,-,-,-,-,-,-,-,-,-,-,-,-,-,-,-,-,-,-
,-,-,-,-,-,-,Yellow,Yellow,-,-,-,-,-,-,-,-,2,-,,,-,-,-,-,-,-,-,-,-,-,-,-,-,-,-,-,-,-,-,-,-,-,-,-,-,-,-,-
,-,-,-,-,-,-,Yellow,Red,-,-,-,-,-,-,-,-,1,-,,,-,-,-,-,-,-,-,-,-,-,-,-,-,-,-,-,-,-,-,-,-,-,-,-,-,-,-,-
,-,-,-,-,-,-,(S100)Red/Blank,-,-,-,-,-,-,-,-,-,1,15,,,-,-,-,-,-,-,-,-,-,-,-,-,-,-,-,-,-,-,-,-,-,-,-,-,-,-,-,-
67.0,S100A,S82,Station,MMTS UP MAIN,-,Calling On Signal,Miniature,(S82)Red/Blank,-,-,100AT (Occupied),-,-,R-154,(0#R-154)#(180#R-152)#(387#R-150)#(200#R-148)#(568#R-146)#(200#R-144),1535,1,15,67,67,S100A,S82,67,MMTS Up Main,-,-,,75,-,-,-,0,748,154,1535,Raise,1 in 404,1535,,,,,,,,,,
68.0,S2037,S1,Auto,MMTS Down Main,-,Auto Signal,Green,Green,-,-,-,-,-,R-805,(0#R-805)#(500#R-807)#(532#R-809)#(200#R-137),1232,4,MPS,68,68,S2037,S1,68,MMTS Down Main,-,-,-,120,-,-,-,0,1232,805,1232,Fall,1 in 700,49,,,,,,,,,,
,-,-,-,-,-,-,Green,Double Yellow,-,-,-,-,-,-,-,-,3,-,,,-,-,-,-,-,-,-,-,-,-,-,-,-,-,-,-,-,-,-,-,-,-,-,-,-,-,-,-
,-,-,-,-,-,-,Green,Yellow,-,-,-,-,-,-,-,-,2,-,,,-,-,-,-,-,-,-,-,-,-,-,-,-,-,-,-,-,-,-,-,-,-,-,-,-,-,-,-
,-,-,-,-,-,-,Double Yellow,Green,-,-,-,-,-,-,-,-,4,-,,,-,-,-,-,-,-,-,-,-,-,-,-,-,-,-,-,-,-,-,-,-,-,-,-,-,-,-,-
,-,-,-,-,-,-,Double Yellow,Double Yellow,-,-,-,-,-,-,-,-,3,-,,,-,-,-,-,-,-,-,-,-,-,-,-,-,-,-,-,-,-,-,-,-,-,-,-,-,-,-,-
,-,-,-,-,-,-,Double Yellow,Yellow,-,-,-,-,-,-,-,-,2,-,,,-,-,-,-,-,-,-,-,-,-,-,-,-,-,-,-,-,-,-,-,-,-,-,-,-,-,-,-
,-,-,-,-,-,-,Yellow,Green,-,-,-,-,-,-,-,-,4,-,,,-,-,-,-,-,-,-,-,-,-,-,-,-,-,-,-,-,-,-,-,-,-,-,-,-,-,-,-
,-,-,-,-,-,-,Yellow,Double Yellow,-,-,-,-,-,-,-,-,3,-,,,-,-,-,-,-,-,-,-,-,-,-,-,-,-,-,-,-,-,-,-,-,-,-,-,-,-,-,-
,-,-,-,-,-,-,Yellow,Yellow,-,-,-,-,-,-,-,-,2,-,,,-,-,-,-,-,-,-,-,-,-,-,-,-,-,-,-,-,-,-,-,-,-,-,-,-,-,-,-
,-,-,-,-,-,-,Yellow,Red,-,-,-,-,-,-,-,-,1,-,,,-,-,-,-,-,-,-,-,-,-,-,-,-,-,-,-,-,-,-,-,-,-,-,-,-,-,-,-
,-,-,-,-,-,-,(S2037)Red/Blank,-,-,-,-,-,-,-,-,-,1,-,,,-,-,-,-,-,-,-,-,-,-,-,-,-,-,-,-,-,-,-,-,-,-,-,-,-,-,-,-
69.0,S2038(1),-,Auto,Up Main,-,Auto Signal,Green,-,-,-,-,-,-,R-816,-,1348,1,MPS,69,69,-,-,-,-,-,-,-,-,-,-,-,-,-,-,-,-,-,-,-,-,-,-,-,-,-,-,-,-
,-,-,-,-,-,-,Double Yellow,-,-,-,-,-,-,-,-,-,-,-,,,-,-,-,-,-,-,-,-,-,-,-,-,-,-,-,-,-,-,-,-,-,-,-,-,-,-,-,-
,-,-,-,-,-,-,Yellow,-,-,-,-,-,-,-,-,-,-,-,,,-,-,-,-,-,-,-,-,-,-,-,-,-,-,-,-,-,-,-,-,-,-,-,-,-,-,-,-
,-,-,-,-,-,-,(S2038(1)Red/Blank,-,-,-,-,-,-,-,-,-,-,-,,,-,-,-,-,-,-,-,-,-,-,-,-,-,-,-,-,-,-,-,-,-,-,-,-,-,-,-,-
70.0,S2038(2),-,Auto,MMTS Up Main,-,Auto Signal,Green,-,-,-,-,-,-,R-806,-,1024,1,MPS,70,70,-,-,-,-,-,-,-,-,-,-,-,-,-,-,-,-,-,-,-,-,-,-,-,-,-,-,-,-
,-,-,-,-,-,-,Double Yellow,-,-,-,-,-,-,-,-,-,-,-,,,-,-,-,-,-,-,-,-,-,-,-,-,-,-,-,-,-,-,-,-,-,-,-,-,-,-,-,-
,-,-,-,-,-,-,Yellow,-,-,-,-,-,-,-,-,-,-,-,,,-,-,-,-,-,-,-,-,-,-,-,-,-,-,-,-,-,-,-,-,-,-,-,-,-,-,-,-
,-,-,-,-,-,-,(S2038(2)Red/Blank,-,-,-,-,-,-,-,-,-,-,-,,,-,-,-,-,-,-,-,-,-,-,-,-,-,-,-,-,-,-,-,-,-,-,-,-,-,-,-,-
71.0,S2039,S2,Auto,Down Main,-,Auto Signal,Green,Green,-,-,-,-,-,R-815,(0#R-815)#(984#R-817)#(200#R-149),1184,4,MPS,71,71,S2039,S2,71,Down Main,-,-,-,120,-,-,-,0,1184,815,1184,Level,1 in 1000,471,,,,,,,,,,
,-,-,-,-,-,-,Green,Double Yellow,-,-,-,-,-,-,-,-,4,-,,,-,-,-,-,-,-,-,-,-,-,-,-,-,-,-,-,-,-,-,-,-,-,-,-,-,-,-,-
,-,-,-,-,-,-,Green,Yellow,-,-,-,-,-,-,-,-,2,-,,,-,-,-,-,-,-,-,-,-,-,-,-,-,-,-,-,-,-,-,-,-,-,-,-,-,-,-,-
,-,-,-,-,-,-,Double Yellow,Green,-,-,-,-,-,-,-,-,4,-,,,-,-,-,-,-,-,-,-,-,-,-,-,-,-,-,-,-,-,-,-,-,-,-,-,-,-,-,-
,-,-,-,-,-,-,Double Yellow,Double Yellow,-,-,-,-,-,-,-,-,4,-,,,-,-,-,-,-,-,-,-,-,-,-,-,-,-,-,-,-,-,-,-,-,-,-,-,-,-,-,-
,-,-,-,-,-,-,Double Yellow,Yellow,-,-,-,-,-,-,-,-,2,-,,,-,-,-,-,-,-,-,-,-,-,-,-,-,-,-,-,-,-,-,-,-,-,-,-,-,-,-,-
,-,-,-,-,-,-,Yellow,Green,-,-,-,-,-,-,-,-,4,-,,,-,-,-,-,-,-,-,-,-,-,-,-,-,-,-,-,-,-,-,-,-,-,-,-,-,-,-,-
,-,-,-,-,-,-,Yellow,Double Yellow,-,-,-,-,-,-,-,-,4,-,,,-,-,-,-,-,-,-,-,-,-,-,-,-,-,-,-,-,-,-,-,-,-,-,-,-,-,-,-
,-,-,-,-,-,-,Yellow,Yellow,-,-,-,-,-,-,-,-,2,-,,,-,-,-,-,-,-,-,-,-,-,-,-,-,-,-,-,-,-,-,-,-,-,-,-,-,-,-,-
,-,-,-,-,-,-,Yellow,Red,-,-,-,-,-,-,-,-,1,-,,,-,-,-,-,-,-,-,-,-,-,-,-,-,-,-,-,-,-,-,-,-,-,-,-,-,-,-,-
,-,-,-,-,-,-,(S2039)Red/Blank,-,-,-,-,-,-,-,-,-,1,-,,,-,-,-,-,-,-,-,-,-,-,-,-,-,-,-,-,-,-,-,-,-,-,-,-,-,-,-,-
72.0,S2075,S2087,Auto,MMTS Down Main,-,Auto Signal,Green,Green,-,-,-,-,-,R-825,(0#R-825)#(924#R-827)#(200#R-829),1124,4,MPS,72,72,S2075,S2087,72,MMTS Down Main,-,-,-,75,-,-,-,0,518,825,1124,Fall,1 in 100,1124,,,,,,,,,,
,-,-,-,-,-,-,Green,Double Yellow,-,-,-,-,-,-,-,-,3,-,,,-,-,-,-,-,-,-,-,-,-,-,-,-,-,-,-,-,-,-,-,-,-,-,-,-,-,-,-
,-,-,-,-,-,-,Green,Yellow,-,-,-,-,-,-,-,-,2,-,,,-,-,-,-,-,-,-,-,-,-,-,-,-,-,-,-,-,-,-,-,-,-,-,-,-,-,-,-
,-,-,-,-,-,-,Double Yellow,Green,-,-,-,-,-,-,-,-,4,-,,,-,-,-,-,-,-,-,-,-,-,-,-,-,-,-,-,-,-,-,-,-,-,-,-,-,-,-,-
,-,-,-,-,-,-,Double Yellow,Double Yellow,-,-,-,-,-,-,-,-,3,-,,,-,-,-,-,-,-,-,-,-,-,-,-,-,-,-,-,-,-,-,-,-,-,-,-,-,-,-,-
,-,-,-,-,-,-,Double Yellow,Yellow,-,-,-,-,-,-,-,-,2,-,,,-,-,-,-,-,-,-,-,-,-,-,-,-,-,-,-,-,-,-,-,-,-,-,-,-,-,-,-
,-,-,-,-,-,-,Yellow,Green,-,-,-,-,-,-,-,-,4,-,,,-,-,-,-,-,-,-,-,-,-,-,-,-,-,-,-,-,-,-,-,-,-,-,-,-,-,-,-
,-,-,-,-,-,-,Yellow,Double Yellow,-,-,-,-,-,-,-,-,3,-,,,-,-,-,-,-,-,-,-,-,-,-,-,-,-,-,-,-,-,-,-,-,-,-,-,-,-,-,-
,-,-,-,-,-,-,Yellow,Yellow,-,-,-,-,-,-,-,-,2,-,,,-,-,-,-,-,-,-,-,-,-,-,-,-,-,-,-,-,-,-,-,-,-,-,-,-,-,-,-
,-,-,-,-,-,-,Yellow,Red,-,-,-,-,-,-,-,-,1,-,,,-,-,-,-,-,-,-,-,-,-,-,-,-,-,-,-,-,-,-,-,-,-,-,-,-,-,-,-
,-,-,-,-,-,-,(S2075)Red/Blank,-,-,-,-,-,-,-,-,-,1,-,,,-,-,-,-,-,-,-,-,-,-,-,-,-,-,-,-,-,-,-,-,-,-,-,-,-,-,-,-
73.0,S2078,S100,Auto,MMTS Up Main,-,Auto Signal,Green,Green,-,-,-,-,-,R-824,(0#R-824)#(777#R-822)#(200#R-154),977,4,MPS,73,73,S2078,S100,73,MMTS Up Main,-,-,-,120,-,-,-,0,888,824,977,Raise,1 in 100,977,,,,,,,,,,
,-,-,-,-,-,-,Green,Double Yellow,-,-,-,-,-,-,-,-,4,-,,,-,-,-,-,-,-,-,-,-,-,-,-,-,-,-,-,-,-,-,-,-,-,-,-,-,-,-,-
,-,-,-,-,-,-,Green,Yellow,-,-,-,-,-,-,-,-,2,-,,,-,-,-,-,-,-,-,-,-,-,-,-,-,-,-,-,-,-,-,-,-,-,-,-,-,-,-,-
,-,-,-,-,-,-,Double Yellow,Green,-,-,-,-,-,-,-,-,4,-,,,-,-,-,-,-,-,-,-,-,-,-,-,-,-,-,-,-,-,-,-,-,-,-,-,-,-,-,-
,-,-,-,-,-,-,Double Yellow,Double Yellow,-,-,-,-,-,-,-,-,4,-,,,-,-,-,-,-,-,-,-,-,-,-,-,-,-,-,-,-,-,-,-,-,-,-,-,-,-,-,-
,-,-,-,-,-,-,Double Yellow,Yellow,-,-,-,-,-,-,-,-,2,-,,,-,-,-,-,-,-,-,-,-,-,-,-,-,-,-,-,-,-,-,-,-,-,-,-,-,-,-,-
,-,-,-,-,-,-,Yellow,Green,-,-,-,-,-,-,-,-,4,-,,,-,-,-,-,-,-,-,-,-,-,-,-,-,-,-,-,-,-,-,-,-,-,-,-,-,-,-,-
,-,-,-,-,-,-,Yellow,Double Yellow,-,-,-,-,-,-,-,-,4,-,,,-,-,-,-,-,-,-,-,-,-,-,-,-,-,-,-,-,-,-,-,-,-,-,-,-,-,-,-
,-,-,-,-,-,-,Yellow,Yellow,-,-,-,-,-,-,-,-,2,-,,,-,-,-,-,-,-,-,-,-,-,-,-,-,-,-,-,-,-,-,-,-,-,-,-,-,-,-,-
,-,-,-,-,-,-,Yellow,Red,-,-,-,-,-,-,-,-,1,-,,,-,-,-,-,-,-,-,-,-,-,-,-,-,-,-,-,-,-,-,-,-,-,-,-,-,-,-,-
,-,-,-,-,-,-,(S2078)Red/Blank,-,-,-,-,-,-,-,-,-,1,-,,,-,-,-,-,-,-,-,-,-,-,-,-,-,-,-,-,-,-,-,-,-,-,-,-,-,-,-,-
74.0,S2079,S2089,Auto,Down Main,-,Auto Signal,Green,Green,-,-,-,-,-,R-839,(0#R-839)#(818#R-841)#(200#R-843),1018,4,MPS,74,74,S2079,S2089,74,Down Main,-,-,-,120,-,-,-,0,166,839,1018,Fall,1 in 100,1018,,,,,,,,,,
,-,-,-,-,-,-,Green,Double Yellow,-,-,-,-,-,-,-,-,3,-,,,-,-,-,-,-,-,-,-,-,-,-,-,-,-,-,-,-,-,-,-,-,-,-,-,-,-,-,-
,-,-,-,-,-,-,Green,Yellow,-,-,-,-,-,-,-,-,2,-,,,-,-,-,-,-,-,-,-,-,-,-,-,-,-,-,-,-,-,-,-,-,-,-,-,-,-,-,-
,-,-,-,-,-,-,Double Yellow,Green,-,-,-,-,-,-,-,-,4,-,,,-,-,-,-,-,-,-,-,-,-,-,-,-,-,-,-,-,-,-,-,-,-,-,-,-,-,-,-
,-,-,-,-,-,-,Double Yellow,Double Yellow,-,-,-,-,-,-,-,-,3,-,,,-,-,-,-,-,-,-,-,-,-,-,-,-,-,-,-,-,-,-,-,-,-,-,-,-,-,-,-
,-,-,-,-,-,-,Double Yellow,Yellow,-,-,-,-,-,-,-,-,2,-,,,-,-,-,-,-,-,-,-,-,-,-,-,-,-,-,-,-,-,-,-,-,-,-,-,-,-,-,-
,-,-,-,-,-,-,Yellow,Green,-,-,-,-,-,-,-,-,4,-,,,-,-,-,-,-,-,-,-,-,-,-,-,-,-,-,-,-,-,-,-,-,-,-,-,-,-,-,-
,-,-,-,-,-,-,Yellow,Double Yellow,-,-,-,-,-,-,-,-,3,-,,,-,-,-,-,-,-,-,-,-,-,-,-,-,-,-,-,-,-,-,-,-,-,-,-,-,-,-,-
,-,-,-,-,-,-,Yellow,Yellow,-,-,-,-,-,-,-,-,2,-,,,-,-,-,-,-,-,-,-,-,-,-,-,-,-,-,-,-,-,-,-,-,-,-,-,-,-,-,-
,-,-,-,-,-,-,Yellow,Red,-,-,-,-,-,-,-,-,1,-,,,-,-,-,-,-,-,-,-,-,-,-,-,-,-,-,-,-,-,-,-,-,-,-,-,-,-,-,-
,-,-,-,-,-,-,(S2079)Red/Blank,-,-,-,-,-,-,-,-,-,1,-,,,-,-,-,-,-,-,-,-,-,-,-,-,-,-,-,-,-,-,-,-,-,-,-,-,-,-,-,-
75.0,S2087,S2097,Auto,MMTS Down Main,-,Auto Signal,Green,Green,-,-,-,-,-,R-829,(0#R-829)#(888#R-831)#(200#R-833),1088,4,MPS,75,75,S2087,S2097,75,MMTS Down Main,-,-,-,90,-,-,-,0,378,829,1088,Fall,1 in 108,1124,,,,,,,,,,
,-,-,-,-,-,-,Green,Double Yellow,-,-,-,-,-,-,-,-,3,-,,,-,-,-,-,-,-,-,-,-,-,-,-,-,-,-,-,-,-,-,-,-,-,-,-,-,-,-,-
,-,-,-,-,-,-,Green,Yellow,-,-,-,-,-,-,-,-,2,-,,,-,-,-,-,-,-,-,-,-,-,-,-,-,-,-,-,-,-,-,-,-,-,-,-,-,-,-,-
,-,-,-,-,-,-,Double Yellow,Green,-,-,-,-,-,-,-,-,4,-,,,-,-,-,-,-,-,-,-,-,-,-,-,-,-,-,-,-,-,-,-,-,-,-,-,-,-,-,-
,-,-,-,-,-,-,Double Yellow,Double Yellow,-,-,-,-,-,-,-,-,3,-,,,-,-,-,-,-,-,-,-,-,-,-,-,-,-,-,-,-,-,-,-,-,-,-,-,-,-,-,-
,-,-,-,-,-,-,Double Yellow,Yellow,-,-,-,-,-,-,-,-,2,-,,,-,-,-,-,-,-,-,-,-,-,-,-,-,-,-,-,-,-,-,-,-,-,-,-,-,-,-,-
,-,-,-,-,-,-,Yellow,Green,-,-,-,-,-,-,-,-,4,-,,,-,-,-,-,-,-,-,-,-,-,-,-,-,-,-,-,-,-,-,-,-,-,-,-,-,-,-,-
,-,-,-,-,-,-,Yellow,Double Yellow,-,-,-,-,-,-,-,-,3,-,,,-,-,-,-,-,-,-,-,-,-,-,-,-,-,-,-,-,-,-,-,-,-,-,-,-,-,-,-
,-,-,-,-,-,-,Yellow,Yellow,-,-,-,-,-,-,-,-,2,-,,,-,-,-,-,-,-,-,-,-,-,-,-,-,-,-,-,-,-,-,-,-,-,-,-,-,-,-,-
,-,-,-,-,-,-,Yellow,Red,-,-,-,-,-,-,-,-,1,-,,,-,-,-,-,-,-,-,-,-,-,-,-,-,-,-,-,-,-,-,-,-,-,-,-,-,-,-,-
,-,-,-,-,-,-,(S2087)Red/Blank,-,-,-,-,-,-,-,-,-,1,-,,,-,-,-,-,-,-,-,-,-,-,-,-,-,-,-,-,-,-,-,-,-,-,-,-,-,-,-,-
76.0,S2080,S99,Auto,Up Main,-,Auto Signal,Green,Green,-,-,-,-,-,R-834,(0#R-834)#(922#R-832)#(200#R-172),1122,4,MPS,76,76,S2080,S99,76,Up Main,-,-,-,90,-,-,-,0,79,834,1122,Raise,1 in 100,1122,,,,,,,,,,
,-,-,-,-,-,-,Green,Double Yellow,-,-,-,-,-,-,-,-,4,-,,,-,-,-,-,-,-,-,-,-,-,-,-,-,-,-,-,-,-,-,-,-,-,-,-,-,-,-,-
,-,-,-,-,-,-,Green,Yellow,-,-,-,-,-,-,-,-,2,-,,,-,-,-,-,-,-,-,-,-,-,-,-,-,-,-,-,-,-,-,-,-,-,-,-,-,-,-,-
,-,-,-,-,-,-,Green,Yellow with Pos 1 (line 1),-,-,-,-,-,-,-,-,2,-,,,-,-,-,-,-,-,-,-,-,-,-,-,-,-,-,-,-,-,-,-,-,-,-,-,-,-,-,-
,-,-,-,-,-,-,Green,Yellow with Pos 1 (line 2),-,-,-,-,-,-,-,-,2,-,,,-,-,-,-,-,-,-,-,-,-,-,-,-,-,-,-,-,-,-,-,-,-,-,-,-,-,-,-
,-,-,-,-,-,-,Green,Yellow with Pos 1 (line 3),-,-,-,-,-,-,-,-,2,-,,,-,-,-,-,-,-,-,-,-,-,-,-,-,-,-,-,-,-,-,-,-,-,-,-,-,-,-,-
,-,-,-,-,-,-,Green,Yellow with Pos 1 (line 4),-,-,-,-,-,-,-,-,2,-,,,-,-,-,-,-,-,-,-,-,-,-,-,-,-,-,-,-,-,-,-,-,-,-,-,-,-,-,-
,-,-,-,-,-,-,Green,Yellow with Pos 1 (line 5),-,-,-,-,-,-,-,-,2,-,,,-,-,-,-,-,-,-,-,-,-,-,-,-,-,-,-,-,-,-,-,-,-,-,-,-,-,-,-
,-,-,-,-,-,-,Green,Yellow with Pos 1 (line 6),-,-,-,-,-,-,-,-,2,-,,,-,-,-,-,-,-,-,-,-,-,-,-,-,-,-,-,-,-,-,-,-,-,-,-,-,-,-,-
,-,-,-,-,-,-,Green,Yellow with Pos 1 (line 7),-,-,-,-,-,-,-,-,2,-,,,-,-,-,-,-,-,-,-,-,-,-,-,-,-,-,-,-,-,-,-,-,-,-,-,-,-,-,-
,-,-,-,-,-,-,Green,Yellow with Pos 1 (line 8),-,-,-,-,-,-,-,-,2,-,,,-,-,-,-,-,-,-,-,-,-,-,-,-,-,-,-,-,-,-,-,-,-,-,-,-,-,-,-
,-,-,-,-,-,-,Green,Yellow with Pos 1 (line 9),-,-,-,-,-,-,-,-,2,-,,,-,-,-,-,-,-,-,-,-,-,-,-,-,-,-,-,-,-,-,-,-,-,-,-,-,-,-,-
,-,-,-,-,-,-,Double Yellow,Green,-,-,-,-,-,-,-,-,4,-,,,-,-,-,-,-,-,-,-,-,-,-,-,-,-,-,-,-,-,-,-,-,-,-,-,-,-,-,-
,-,-,-,-,-,-,Double Yellow,Double Yellow,-,-,-,-,-,-,-,-,4,-,,,-,-,-,-,-,-,-,-,-,-,-,-,-,-,-,-,-,-,-,-,-,-,-,-,-,-,-,-
,-,-,-,-,-,-,Double Yellow,Yellow,-,-,-,-,-,-,-,-,2,-,,,-,-,-,-,-,-,-,-,-,-,-,-,-,-,-,-,-,-,-,-,-,-,-,-,-,-,-,-
,-,-,-,-,-,-,Double Yellow,Yellow with Pos 1 (line 1),-,-,-,-,-,-,-,-,2,-,,,-,-,-,-,-,-,-,-,-,-,-,-,-,-,-,-,-,-,-,-,-,-,-,-,-,-,-,-
,-,-,-,-,-,-,Double Yellow,Yellow with Pos 1 (line 2),-,-,-,-,-,-,-,-,2,-,,,-,-,-,-,-,-,-,-,-,-,-,-,-,-,-,-,-,-,-,-,-,-,-,-,-,-,-,-
,-,-,-,-,-,-,Double Yellow,Yellow with Pos 1 (line 3),-,-,-,-,-,-,-,-,2,-,,,-,-,-,-,-,-,-,-,-,-,-,-,-,-,-,-,-,-,-,-,-,-,-,-,-,-,-,-
,-,-,-,-,-,-,Double Yellow,Yellow with Pos 1 (line 4),-,-,-,-,-,-,-,-,2,-,,,-,-,-,-,-,-,-,-,-,-,-,-,-,-,-,-,-,-,-,-,-,-,-,-,-,-,-,-
,-,-,-,-,-,-,Double Yellow,Yellow with Pos 1 (line 5),-,-,-,-,-,-,-,-,2,-,,,-,-,-,-,-,-,-,-,-,-,-,-,-,-,-,-,-,-,-,-,-,-,-,-,-,-,-,-
,-,-,-,-,-,-,Double Yellow,Yellow with Pos 1 (line 6),-,-,-,-,-,-,-,-,2,-,,,-,-,-,-,-,-,-,-,-,-,-,-,-,-,-,-,-,-,-,-,-,-,-,-,-,-,-,-
,-,-,-,-,-,-,Double Yellow,Yellow with Pos 1 (line 7),-,-,-,-,-,-,-,-,2,-,,,-,-,-,-,-,-,-,-,-,-,-,-,-,-,-,-,-,-,-,-,-,-,-,-,-,-,-,-
,-,-,-,-,-,-,Double Yellow,Yellow with Pos 1 (line 8),-,-,-,-,-,-,-,-,2,-,,,-,-,-,-,-,-,-,-,-,-,-,-,-,-,-,-,-,-,-,-,-,-,-,-,-,-,-,-
,-,-,-,-,-,-,Double Yellow,Yellow with Pos 1 (line 9),-,-,-,-,-,-,-,-,2,-,,,-,-,-,-,-,-,-,-,-,-,-,-,-,-,-,-,-,-,-,-,-,-,-,-,-,-,-,-
,-,-,-,-,-,-,Yellow,Green,-,-,-,-,-,-,-,-,4,-,,,-,-,-,-,-,-,-,-,-,-,-,-,-,-,-,-,-,-,-,-,-,-,-,-,-,-,-,-
,-,-,-,-,-,-,Yellow,Double Yellow,-,-,-,-,-,-,-,-,4,-,,,-,-,-,-,-,-,-,-,-,-,-,-,-,-,-,-,-,-,-,-,-,-,-,-,-,-,-,-
,-,-,-,-,-,-,Yellow,Yellow,-,-,-,-,-,-,-,-,2,-,,,-,-,-,-,-,-,-,-,-,-,-,-,-,-,-,-,-,-,-,-,-,-,-,-,-,-,-,-
,-,-,-,-,-,-,Yellow,Yellow with Pos 1 (line 1),-,-,-,-,-,-,-,-,2,-,,,-,-,-,-,-,-,-,-,-,-,-,-,-,-,-,-,-,-,-,-,-,-,-,-,-,-,-,-
,-,-,-,-,-,-,Yellow,Yellow with Pos 1 (line 2),-,-,-,-,-,-,-,-,2,-,,,-,-,-,-,-,-,-,-,-,-,-,-,-,-,-,-,-,-,-,-,-,-,-,-,-,-,-,-
,-,-,-,-,-,-,Yellow,Yellow with Pos 1 (line 3),-,-,-,-,-,-,-,-,2,-,,,-,-,-,-,-,-,-,-,-,-,-,-,-,-,-,-,-,-,-,-,-,-,-,-,-,-,-,-
,-,-,-,-,-,-,Yellow,Yellow with Pos 1 (line 4),-,-,-,-,-,-,-,-,2,-,,,-,-,-,-,-,-,-,-,-,-,-,-,-,-,-,-,-,-,-,-,-,-,-,-,-,-,-,-
,-,-,-,-,-,-,Yellow,Yellow with Pos 1 (line 5),-,-,-,-,-,-,-,-,2,-,,,-,-,-,-,-,-,-,-,-,-,-,-,-,-,-,-,-,-,-,-,-,-,-,-,-,-,-,-
,-,-,-,-,-,-,Yellow,Yellow with Pos 1 (line 6),-,-,-,-,-,-,-,-,2,-,,,-,-,-,-,-,-,-,-,-,-,-,-,-,-,-,-,-,-,-,-,-,-,-,-,-,-,-,-
,-,-,-,-,-,-,Yellow,Yellow with Pos 1 (line 7),-,-,-,-,-,-,-,-,2,-,,,-,-,-,-,-,-,-,-,-,-,-,-,-,-,-,-,-,-,-,-,-,-,-,-,-,-,-,-
,-,-,-,-,-,-,Yellow,Yellow with Pos 1 (line 8),-,-,-,-,-,-,-,-,2,-,,,-,-,-,-,-,-,-,-,-,-,-,-,-,-,-,-,-,-,-,-,-,-,-,-,-,-,-,-
,-,-,-,-,-,-,Yellow,Yellow with Pos 1 (line 9),-,-,-,-,-,-,-,-,2,-,,,-,-,-,-,-,-,-,-,-,-,-,-,-,-,-,-,-,-,-,-,-,-,-,-,-,-,-,-
,-,-,-,-,-,-,(S2080)Red/Blank,-,-,-,-,-,-,-,-,-,1,-,,,-,-,-,-,-,-,-,-,-,-,-,-,-,-,-,-,-,-,-,-,-,-,-,-,-,-,-,-
77.0,S2088,S2078,Auto,MMTS Up Main,-,Auto Signal,Green,Green,-,-,-,-,-,R-828,(0#R-828)#(803#R-826)#(200#R-824),1003,4,MPS,77,77,S2088,S2078,77,MMTS Up Main,-,-,-,90,-,-,-,0,918,828,1003,Raise,1 in 100,1003,,,,,,,,,,
,-,-,-,-,-,-,Green,Double Yellow,-,-,-,-,-,-,-,-,3,-,,,-,-,-,-,-,-,-,-,-,-,-,-,-,-,-,-,-,-,-,-,-,-,-,-,-,-,-,-
,-,-,-,-,-,-,Green,Yellow,-,-,-,-,-,-,-,-,2,-,,,-,-,-,-,-,-,-,-,-,-,-,-,-,-,-,-,-,-,-,-,-,-,-,-,-,-,-,-
,-,-,-,-,-,-,Double Yellow,Green,-,-,-,-,-,-,-,-,4,-,,,-,-,-,-,-,-,-,-,-,-,-,-,-,-,-,-,-,-,-,-,-,-,-,-,-,-,-,-
,-,-,-,-,-,-,Double Yellow,Double Yellow,-,-,-,-,-,-,-,-,3,-,,,-,-,-,-,-,-,-,-,-,-,-,-,-,-,-,-,-,-,-,-,-,-,-,-,-,-,-,-
,-,-,-,-,-,-,Double Yellow,Yellow,-,-,-,-,-,-,-,-,2,-,,,-,-,-,-,-,-,-,-,-,-,-,-,-,-,-,-,-,-,-,-,-,-,-,-,-,-,-,-
,-,-,-,-,-,-,Yellow,Green,-,-,-,-,-,-,-,-,4,-,,,-,-,-,-,-,-,-,-,-,-,-,-,-,-,-,-,-,-,-,-,-,-,-,-,-,-,-,-
,-,-,-,-,-,-,Yellow,Double Yellow,-,-,-,-,-,-,-,-,3,-,,,-,-,-,-,-,-,-,-,-,-,-,-,-,-,-,-,-,-,-,-,-,-,-,-,-,-,-,-
,-,-,-,-,-,-,Yellow,Yellow,-,-,-,-,-,-,-,-,2,-,,,-,-,-,-,-,-,-,-,-,-,-,-,-,-,-,-,-,-,-,-,-,-,-,-,-,-,-,-
,-,-,-,-,-,-,Yellow,Red,-,-,-,-,-,-,-,-,1,-,,,-,-,-,-,-,-,-,-,-,-,-,-,-,-,-,-,-,-,-,-,-,-,-,-,-,-,-,-
,-,-,-,-,-,-,(S2088)Red/Blank,-,-,-,-,-,-,-,-,-,1,-,,,-,-,-,-,-,-,-,-,-,-,-,-,-,-,-,-,-,-,-,-,-,-,-,-,-,-,-,-
78.0,S2089,S2099,Auto,Down Main,-,Auto Signal,Green,Green,-,-,-,-,-,R-843,(0#R-843)#(784#R-845)#(200#R-847),984,4,MPS,78,78,S2089,S2099,78,Down Main,-,-,-,90,-,-,-,0,132,843,984,Fall,1 in 119,984,,,,,,,,,,
,-,-,-,-,-,-,Green,Double Yellow,-,-,-,-,-,-,-,-,3,-,,,-,-,-,-,-,-,-,-,-,-,-,-,-,-,-,-,-,-,-,-,-,-,-,-,-,-,-,-
,-,-,-,-,-,-,Green,Yellow,-,-,-,-,-,-,-,-,2,-,,,-,-,-,-,-,-,-,-,-,-,-,-,-,-,-,-,-,-,-,-,-,-,-,-,-,-,-,-
,-,-,-,-,-,-,Double Yellow,Green,-,-,-,-,-,-,-,-,4,-,,,-,-,-,-,-,-,-,-,-,-,-,-,-,-,-,-,-,-,-,-,-,-,-,-,-,-,-,-
,-,-,-,-,-,-,Double Yellow,Double Yellow,-,-,-,-,-,-,-,-,3,-,,,-,-,-,-,-,-,-,-,-,-,-,-,-,-,-,-,-,-,-,-,-,-,-,-,-,-,-,-
,-,-,-,-,-,-,Double Yellow,Yellow,-,-,-,-,-,-,-,-,2,-,,,-,-,-,-,-,-,-,-,-,-,-,-,-,-,-,-,-,-,-,-,-,-,-,-,-,-,-,-
,-,-,-,-,-,-,Yellow,Green,-,-,-,-,-,-,-,-,4,-,,,-,-,-,-,-,-,-,-,-,-,-,-,-,-,-,-,-,-,-,-,-,-,-,-,-,-,-,-
,-,-,-,-,-,-,Yellow,Double Yellow,-,-,-,-,-,-,-,-,3,-,,,-,-,-,-,-,-,-,-,-,-,-,-,-,-,-,-,-,-,-,-,-,-,-,-,-,-,-,-
,-,-,-,-,-,-,Yellow,Yellow,-,-,-,-,-,-,-,-,2,-,,,-,-,-,-,-,-,-,-,-,-,-,-,-,-,-,-,-,-,-,-,-,-,-,-,-,-,-,-
,-,-,-,-,-,-,Yellow,Red,-,-,-,-,-,-,-,-,1,-,,,-,-,-,-,-,-,-,-,-,-,-,-,-,-,-,-,-,-,-,-,-,-,-,-,-,-,-,-
,-,-,-,-,-,-,(S2089)Red/Blank,-,-,-,-,-,-,-,-,-,1,-,,,-,-,-,-,-,-,-,-,-,-,-,-,-,-,-,-,-,-,-,-,-,-,-,-,-,-,-,-
79.0,S2090,S2080,Auto,Down Main,-,Auto Signal,Green,Green,-,-,-,-,-,R-838,(0#R-838)#(793#R-836)#(200#R-834),993,4,MPS,79,79,S2090,S2080,79,Up Main,-,-,-,120,-,-,-,0,69,838,993,Raise,1 in 100,993,,,,,,,,,,
,-,-,-,-,-,-,Green,Double Yellow,-,-,-,-,-,-,-,-,3,-,,,-,-,-,-,-,-,-,-,-,-,-,-,-,-,-,-,-,-,-,-,-,-,-,-,-,-,-,-
,-,-,-,-,-,-,Green,Yellow,-,-,-,-,-,-,-,-,2,-,,,-,-,-,-,-,-,-,-,-,-,-,-,-,-,-,-,-,-,-,-,-,-,-,-,-,-,-,-
,-,-,-,-,-,-,Double Yellow,Green,-,-,-,-,-,-,-,-,4,-,,,-,-,-,-,-,-,-,-,-,-,-,-,-,-,-,-,-,-,-,-,-,-,-,-,-,-,-,-
,-,-,-,-,-,-,Double Yellow,Double Yellow,-,-,-,-,-,-,-,-,3,-,,,-,-,-,-,-,-,-,-,-,-,-,-,-,-,-,-,-,-,-,-,-,-,-,-,-,-,-,-
,-,-,-,-,-,-,Double Yellow,Yellow,-,-,-,-,-,-,-,-,2,-,,,-,-,-,-,-,-,-,-,-,-,-,-,-,-,-,-,-,-,-,-,-,-,-,-,-,-,-,-
,-,-,-,-,-,-,Yellow,Green,-,-,-,-,-,-,-,-,4,-,,,-,-,-,-,-,-,-,-,-,-,-,-,-,-,-,-,-,-,-,-,-,-,-,-,-,-,-,-
,-,-,-,-,-,-,Yellow,Double Yellow,-,-,-,-,-,-,-,-,3,-,,,-,-,-,-,-,-,-,-,-,-,-,-,-,-,-,-,-,-,-,-,-,-,-,-,-,-,-,-
,-,-,-,-,-,-,Yellow,Yellow,-,-,-,-,-,-,-,-,2,-,,,-,-,-,-,-,-,-,-,-,-,-,-,-,-,-,-,-,-,-,-,-,-,-,-,-,-,-,-
,-,-,-,-,-,-,Yellow,Red,-,-,-,-,-,-,-,-,1,-,,,-,-,-,-,-,-,-,-,-,-,-,-,-,-,-,-,-,-,-,-,-,-,-,-,-,-,-,-
,-,-,-,-,-,-,(S2090)Red/Blank,-,-,-,-,-,-,-,-,-,1,-,,,-,-,-,-,-,-,-,-,-,-,-,-,-,-,-,-,-,-,-,-,-,-,-,-,-,-,-,-
80.0,S2097,-,Auto,MMTS Down Main,-,Auto Signal,Green,-,-,-,-,-,-,R-833,(0#R-833)#(883#R-116)#(200#R-118),1083,3,MPS,80,80,-,-,-,-,-,-,-,-,-,-,-,-,-,-,-,-,-,-,-,-,-,-,-,-,-,-,-,-
,-,-,-,-,-,-,Double Yellow,-,-,-,-,-,-,-,-,-,2,-,,,-,-,-,-,-,-,-,-,-,-,-,-,-,-,-,-,-,-,-,-,-,-,-,-,-,-,-,-
,-,-,-,-,-,-,Yellow,-,-,-,-,-,-,-,-,-,1,-,,,-,-,-,-,-,-,-,-,-,-,-,-,-,-,-,-,-,-,-,-,-,-,-,-,-,-,-,-
,-,-,-,-,-,-,(S2097)Red/Blank,-,-,-,-,-,-,-,-,-,1,-,,,-,-,-,-,-,-,-,-,-,-,-,-,-,-,-,-,-,-,-,-,-,-,-,-,-,-,-,-
81.0,S2099,-,Auto,Down Main,-,Auto Signal,Green,-,-,-,-,-,-,R-847,(0#R-847)#(858#R-096)#(200#R-098),1058,3,MPS,81,81,-,-,-,-,-,-,-,-,-,-,-,-,-,-,-,-,-,-,-,-,-,-,-,-,-,-,-,-
,-,-,-,-,-,-,Double Yellow,-,-,-,-,-,-,-,-,-,2,-,,,-,-,-,-,-,-,-,-,-,-,-,-,-,-,-,-,-,-,-,-,-,-,-,-,-,-,-,-
,-,-,-,-,-,-,Yellow,-,-,-,-,-,-,-,-,-,1,-,,,-,-,-,-,-,-,-,-,-,-,-,-,-,-,-,-,-,-,-,-,-,-,-,-,-,-,-,-
,-,-,-,-,-,-,(S2099)Red/Blank,-,-,-,-,-,-,-,-,-,1,-,,,-,-,-,-,-,-,-,-,-,-,-,-,-,-,-,-,-,-,-,-,-,-,-,-,-,-,-,-
82.0,S101,S13,Station,Down Main,-,LoopLine Starter,Yellow,Green,54#123#53#60#57(63W 61N),55#56#58#59#62,-,N-187#N-183#N-179#N-175#N-170,-,R-220,(0#R-220)#(91#R-254)#(29#R-255)#(41#R-256)#(62#R-258)#(68#R-259)#(93#R-260)#(167#R-261)#(65#R-165)#(120#R-167),736,4,15,82,82,S101,S13,82,Road-11,15,-,613,15,-,-,-,0,603,220,736,Fall,1 in 474,736,,,,,,,,,,
,-,-,-,-,-,-,Yellow,Double Yellow,-,-,-,-,-,-,-,-,3,-,,,-,-,-,-,-,-,-,-,-,-,-,-,-,-,-,-,-,-,-,-,-,-,-,-,-,-,-,-
,-,-,-,-,-,-,Yellow,Yellow,-,-,-,-,-,-,-,-,2,-,,,-,-,-,-,-,-,-,-,-,-,-,-,-,-,-,-,-,-,-,-,-,-,-,-,-,-,-,-
,-,-,-,-,-,-,Yellow,Red,-,-,-,-,-,-,-,-,1,-,,,-,-,-,-,-,-,-,-,-,-,-,-,-,-,-,-,-,-,-,-,-,-,-,-,-,-,-,-
,-,-,-,-,-,-,(S101)Red/Blank,-,-,-,-,-,-,-,-,-,1,15,,,-,-,-,-,-,-,-,-,-,-,-,-,-,-,-,-,-,-,-,-,-,-,-,-,-,-,-,-
83.0,S102,S13,Station,Down Main,-,LoopLine Starter,Yellow,Green,54#53#122#57#60 (63W 61N),123#55#56#58#59#62,-,N-194#N-183#N-179#N-175#N-170,-,R-228,(0#R-228)#(91#R-253)#(35#R-254)#(29#R-255)#(41#R-256)#(62#R-258)#(68#R-259)#(93#R-260)#(167#R-261)#(65#R-165)#(120#R-167),771,4,15,83,83,S102,S13,83,Road-12,15,0,648,15,-,-,-,0,638,228,771,Fall,1 in 470,771,,,,,,,,,,
,-,-,-,-,-,-,Yellow,Double Yellow,-,-,-,-,-,-,-,-,3,-,,,-,-,-,-,-,-,-,-,-,-,-,-,-,-,-,-,-,-,-,-,-,-,-,-,-,-,-,-
,-,-,-,-,-,-,Yellow,Yellow,-,-,-,-,-,-,-,-,2,-,,,-,-,-,-,-,-,-,-,-,-,-,-,-,-,-,-,-,-,-,-,-,-,-,-,-,-,-,-
,-,-,-,-,-,-,Yellow,Red,-,-,-,-,-,-,-,-,1,-,,,-,-,-,-,-,-,-,-,-,-,-,-,-,-,-,-,-,-,-,-,-,-,-,-,-,-,-,-
,-,-,-,-,-,-,(S102)Red/Blank,-,-,-,-,-,-,-,-,-,1,15,,,-,-,-,-,-,-,-,-,-,-,-,-,-,-,-,-,-,-,-,-,-,-,-,-,-,-,-,-
84.0,S103,S13,Station,Down Main,-,LoopLine Starter,Yellow,Green,54#53#121#57#60 (63W 61N),123#55#56#58#59#122#62,-,N-194#N-183#N-179#N-175#N-170,-,R-232,(0#R-232)#(82#R-252)#(44#R-253)#(35#R-254)#(29#R-255)#(41#R-256)#(62#R-258)#(68#R-259)#(93#R-260)#(167#R-261)#(65#R-165)#(120#R-167),806,4,15,84,84,S103,S13,84,Road-13,15,0,683,15,-,-,-,0,673,232,806,Fall,1 in 467,806,,,,,,,,,,
,-,-,-,-,-,-,Yellow,Double Yellow,-,-,-,-,-,-,-,-,3,-,,,-,-,-,-,-,-,-,-,-,-,-,-,-,-,-,-,-,-,-,-,-,-,-,-,-,-,-,-
,-,-,-,-,-,-,Yellow,Yellow,-,-,-,-,-,-,-,-,2,-,,,-,-,-,-,-,-,-,-,-,-,-,-,-,-,-,-,-,-,-,-,-,-,-,-,-,-,-,-
,-,-,-,-,-,-,Yellow,Red,-,-,-,-,-,-,-,-,1,-,,,-,-,-,-,-,-,-,-,-,-,-,-,-,-,-,-,-,-,-,-,-,-,-,-,-,-,-,-
,-,-,-,-,-,-,(S103)Red/Blank,-,-,-,-,-,-,-,-,-,1,15,,,-,-,-,-,-,-,-,-,-,-,-,-,-,-,-,-,-,-,-,-,-,-,-,-,-,-,-,-
85.0,S104,S13,Station,Down Main,-,LoopLine Starter,Yellow,Green,54#53#57#60 (63W 61N),123#55#56#58#59#122#121#62,-,N-194#N-183#N-179#N-175#N-170,-,R-240,(0#R-240)#(32#R-251)#(50#R-252)#(44#R-253)#(35#R-254)#(29#R-255)#(41#R-256)#(62#R-258)#(68#R-259)#(93#R-260)#(167#R-261)#(65#R-165)#(120#R-167),806,4,15,85,85,S104,S13,85,Road-14,15,0,683,15,-,-,-,0,673,240,806,Fall,1 in 467,806,,,,,,,,,,
,-,-,-,-,-,-,Yellow,Double Yellow,-,-,-,-,-,-,-,-,3,-,,,-,-,-,-,-,-,-,-,-,-,-,-,-,-,-,-,-,-,-,-,-,-,-,-,-,-,-,-
,-,-,-,-,-,-,Yellow,Yellow,-,-,-,-,-,-,-,-,2,-,,,-,-,-,-,-,-,-,-,-,-,-,-,-,-,-,-,-,-,-,-,-,-,-,-,-,-,-,-
,-,-,-,-,-,-,Yellow,Red,-,-,-,-,-,-,-,-,1,-,,,-,-,-,-,-,-,-,-,-,-,-,-,-,-,-,-,-,-,-,-,-,-,-,-,-,-,-,-
,-,-,-,-,-,-,(S104)Red/Blank,-,-,-,-,-,-,-,-,-,1,15,,,-,-,-,-,-,-,-,-,-,-,-,-,-,-,-,-,-,-,-,-,-,-,-,-,-,-,-,-
86.0,S101A,S13,Station,Down Main,-,Calling On Signal,Miniature,(S13)Red/Blank,54#123#53#57#60 (63W 61N),55#56#58#59#62,RD 11T (Occupied),-,-,R-220,(0#R-220)#(91#R-254)#(29#R-255)#(41#R-256)#(62#R-258)#(68#R-259)#(93#R-260)#(167#R-261)#(65#R-165)#(120#R-167),736,1,15,86,86,S101A,S13,86,Road-11,15,-,613,15,-,-,-,0,603,220,736,Fall,1 in 474,736,,,,,,,,,,
87.0,S102A,S13,Station,Down Main,-,Calling On Signal,Miniature,(S13)Red/Blank,54#53#122#57#60 (63W 61N),123#55#56#58#59#62,RD 12T (Occupied),-,-,R-228,(0#R-228)#(91#R-253)#(35#R-254)#(29#R-255)#(41#R-256)#(62#R-258)#(68#R-259)#(93#R-260)#(167#R-261)#(65#R-165)#(120#R-167),771,1,15,87,87,S102A,S13,87,Road-12,15,0,648,15,-,-,-,0,638,228,771,Fall,1 in 470,771,,,,,,,,,,
88.0,S103A,S13,Station,Down Main,-,Calling On Signal,Miniature,(S13)Red/Blank,54#53#121#57#60 (63W 61N),123#55#56#58#59#122#62,RD 13T (Occupied),-,-,R-232,(0#R-232)#(82#R-252)#(44#R-253)#(35#R-254)(29#R-255)#(41#R-256)#(62#R-258)#(68#R-259)#(93#R-260)#(167#R-261)#(65#R-165)#(120#R-167),806,1,15,88,88,S103A,S13,88,Road-13,15,0,683,15,-,-,-,0,673,232,806,Fall,1 in 467,806,,,,,,,,,,
89.0,S104A,S13,Station,Down Main,-,Calling On Signal,Miniature,(S13)Red/Blank,54#53#57#60 (63W 61N),123#55#56#58#59#122#121#62,RD 14T (Occupied),-,-,R-240,(0#R-240)#(32#R-251)#(50#R-252)#(44#R-253)#(35#R-254)#(29#R-255)#(41#R-256)#(62#R-258)#(68#R-259)#(93#R-260)#(167#R-261)#(65#R-165)#(120#R-167),806,1,15,89,89,S104A,S13,89,Road-14,15,0,683,15,-,-,-,0,673,240,806,Fall,1 in 467,806,,,,,,,,,,
90.0,-,S2037,Auto,MMTS Down Main,-,Auto Signal,-,Green,-,-,-,-,-,R-801,(0#R-801)#(300#R-803)#(200#R-805),500,4,MPS,90,90,-,S2037,90,MMTS Down Main,-,-,-,120,-,-,-,0,500,801,500,Level,1 in 1000,500,,,,,,,,,,
,-,-,-,-,-,-,-,Double Yellow,-,-,-,-,-,-,-,-,3,-,,,-,-,-,-,-,-,-,-,-,-,-,-,-,-,-,-,-,-,-,-,-,-,-,-,-,-,-,-
,-,-,-,-,-,-,-,Yellow,-,-,-,-,-,-,-,-,2,-,,,-,-,-,-,-,-,-,-,-,-,-,-,-,-,-,-,-,-,-,-,-,-,-,-,-,-,-,-
,-,-,-,-,-,-,-,Red,-,-,-,-,-,-,-,-,1,-,,,-,-,-,-,-,-,-,-,-,-,-,-,-,-,-,-,-,-,-,-,-,-,-,-,-,-,-,-
91.0,-,S2039,Auto,Down Main,-,Auto Signal,-,Green,-,-,-,-,-,R-811,(0#R-811)#(300#R-813)#(200#R-815),500,4,MPS,91,91,-,S2039,91,Down Main,-,-,-,120,-,-,-,0,500,811,500,Level,1 in 1000,500,,,,,,,,,,
,-,-,-,-,-,-,-,Double Yellow,-,-,-,-,-,-,-,-,3,-,,,-,-,-,-,-,-,-,-,-,-,-,-,-,-,-,-,-,-,-,-,-,-,-,-,-,-,-,-
,-,-,-,-,-,-,-,Yellow,-,-,-,-,-,-,-,-,2,-,,,-,-,-,-,-,-,-,-,-,-,-,-,-,-,-,-,-,-,-,-,-,-,-,-,-,-,-,-
,-,-,-,-,-,-,-,Red,-,-,-,-,-,-,-,-,1,-,,,-,-,-,-,-,-,-,-,-,-,-,-,-,-,-,-,-,-,-,-,-,-,-,-,-,-,-,-
92.0,-,S10,Station,Goods Loop No.2,-,Starter Signal,-,Yellow,45,46#48,-,N-185#N-186,-,R-207,(0#R-207)#(18#R-208)#(104#R-209)#(200#R-210)#(354#R-211)#(200#R-212),876,2,MPS,92,92,-,S10,92,Goods Loop No.2,-,-,-,15,-,-,-,0,876,207,876,Level,1 in 1000,876,,,,,,,,,,
,-,-,-,-,-,-,-,Red,-,-,-,-,-,-,-,-,1,-,,,-,-,-,-,-,-,-,-,-,-,-,-,-,-,-,-,-,-,-,-,-,-,-,-,-,-,-,-
93.0,-,S11,Station,Goods Loop No.1,-,Starter Signal,-,Yellow,45#48,46,-,N-185#N-188,-,R-207,(0#R-207)#(18#R-208)#(104#R-213)#(200#R-214)#(313#R-215)#(200#R-216),835,2,MPS,93,93,-,S11,93,Goods Loop No.1,-,-,-,15,-,-,-,0,835,207,835,Level,1 in 1000,835,,,,,,,,,,
,-,-,-,-,-,-,-,Red,-,-,-,-,-,-,-,-,1,-,,,-,-,-,-,-,-,-,-,-,-,-,-,-,-,-,-,-,-,-,-,-,-,-,-,-,-,-,-
94.0,-,S101,Station,Road.11,-,Starter Signal,-,Yellow,-,47,-,N-190#N-191,-,R-223,(0#R-223)#(28#R-249)#(37#R-217)#(200#R-218)#(260#R-219)#(200#R-220),725,2,MPS,94,94,-,S101,94,Road.11,-,-,-,15,-,-,-,0,725,223,725,Level,1 in 1000,725,,,,,,,,,,
,-,-,-,-,-,-,-,Red,-,-,-,-,-,-,-,-,1,-,,,-,-,-,-,-,-,-,-,-,-,-,-,-,-,-,-,-,-,-,-,-,-,-,-,-,-,-,-
95.0,-, S102,Station,Road.12,-,Starter Signal,-,Yellow,47,-,-,N-191#N-192,-,R-223,(0#R-223)#(28#R-224)#(37#R-225)#(200#R-226)#(225#R-227)#(200#R-228),690,2,MPS,95,95,-,S102,95,Road.12,-,-,-,15,-,-,-,0,690,223,690,Level,1 in 1000,690,,,,,,,,,,
,-,-,-,-,-,-,-,Red,-,-,-,-,-,-,-,-,1,-,,,-,-,-,-,-,-,-,-,-,-,-,-,-,-,-,-,-,-,-,-,-,-,-,-,-,-,-,-
96.0,-,S103,Station,Road.13,-,Starter Signal,-,Yellow,-,50,-,N-193#N-195,-,R-235,(0#R-235)#(38#R-250)#(26#R-229)#(200#R-230)#(171#R-231)#(200#R-232),635,2,MPS,96,96,-,S103,96,Road.13,-,-,-,15,-,-,-,0,635,235,635,Level,1 in 1000,635,,,,,,,,,,
,-,-,-,-,-,-,-,Red,-,-,-,-,-,-,-,-,1,-,,,-,-,-,-,-,-,-,-,-,-,-,-,-,-,-,-,-,-,-,-,-,-,-,-,-,-,-,-
97.0,-,S104,Station,Road.14,-,Starter Signal,-,Yellow,50,-,-,N-195#N-196,-,R-235,(0#R-235)#(38#R-236)#(26#R-237)#(200#R-238)#(171#R-239)#(200#R-240),635,2,MPS,97,97,-,S104,97,Road.14,-,-,-,15,-,-,-,0,635,235,635,Level,1 in 1000,635,,,,,,,,,,
,-,-,-,-,-,-,-,Red,-,-,-,-,-,-,-,-,1,-,,,-,-,-,-,-,-,-,-,-,-,-,-,-,-,-,-,-,-,-,-,-,-,-,-,-,-,-,-
98.0,-,S2088,Auto,MMTS Up Main,-,Auto Signal,-,Green,-,-,-,-,-,R-121,(0#R-121)#(854#R-830)#(200#R-828),1054,4,MPS,98,98,-,S2088,98,MMTS Up Main,-,-,-,120,-,-,-,0,1054,121,1054,Level,1 in 1000,1054,,,,,,,,,,
,-,-,-,-,-,-,-,Double Yellow,-,-,-,-,-,-,-,-,3,-,,,-,-,-,-,-,-,-,-,-,-,-,-,-,-,-,-,-,-,-,-,-,-,-,-,-,-,-,-
,-,-,-,-,-,-,-,Yellow,-,-,-,-,-,-,-,-,2,-,,,-,-,-,-,-,-,-,-,-,-,-,-,-,-,-,-,-,-,-,-,-,-,-,-,-,-,-,-
,-,-,-,-,-,-,-,Red,-,-,-,-,-,-,-,-,1,-,,,-,-,-,-,-,-,-,-,-,-,-,-,-,-,-,-,-,-,-,-,-,-,-,-,-,-,-,-
99.0,-,S2090,Auto,Up Main,-,Auto Signal,-,Green,-,-,-,-,-,R-099,(0#R-099)#(698#R-840)#(200#R-838),898,4,MPS,99,99,-,S2090,99,Up Main,-,-,-,120,-,-,-,0,898,99,898,Level,1 in 1000,898,,,,,,,,,,
,-,-,-,-,-,-,-,Double Yellow,-,-,-,-,-,-,-,-,3,-,,,-,-,-,-,-,-,-,-,-,-,-,-,-,-,-,-,-,-,-,-,-,-,-,-,-,-,-,-
,-,-,-,-,-,-,-,Yellow,-,-,-,-,-,-,-,-,2,-,,,-,-,-,-,-,-,-,-,-,-,-,-,-,-,-,-,-,-,-,-,-,-,-,-,-,-,-,-
,-,-,-,-,-,-,-,Red,-,-,-,-,-,-,-,-,1,-,,,-,-,-,-,-,-,-,-,-,-,-,-,-,-,-,-,-,-,-,-,-,-,-,-,-,-,-,-
